"ID","Description","GeneRatio","BgRatio","RichFactor","FoldEnrichment","zScore","pvalue","p.adjust","qvalue","geneID","Count"
"GO:0046890","regulation of lipid biosynthetic process","7/28","205/18860",0.0341463414634146,23,12.2121493759118,1.57854628574638e-08,2.62985811205347e-05,1.35588817807268e-05,"CD74/PTGS2/IGFBP7/IL1B/MAPK1/LPCAT3/EGR1",7
"GO:0019216","regulation of lipid metabolic process","8/28","358/18860",0.0223463687150838,15.0518754988029,10.3503870739241,3.47821434975579e-08,2.89735255334658e-05,1.49380153126354e-05,"CD74/PTGS2/IGFBP7/IL1B/MAPK1/LACTB/LPCAT3/EGR1",8
"GO:0030098","lymphocyte differentiation","8/28","441/18860",0.018140589569161,12.2189828312277,9.1924203895809,1.72898132243185e-07,9.60160961057156e-05,4.9503465231733e-05,"KLF6/CD74/IRF1/IL1B/RUNX3/EGR1/BCL6/SOD1",8
"GO:0001659","temperature homeostasis","6/28","186/18860",0.032258064516129,21.7281105990783,10.9543757893933,2.66955258711051e-07,0.000111186865253153,5.73251292390046e-05,"TLR4/LCN2/PTGS2/IL1B/KDM6B/EGR1",6
"GO:0030217","T cell differentiation","7/28","330/18860",0.0212121212121212,14.2878787878788,9.38998808700753,4.06776663434595e-07,0.000133195877827125,6.86724182137701e-05,"CD74/IRF1/IL1B/RUNX3/EGR1/BCL6/SOD1",7
"GO:2001280","positive regulation of unsaturated fatty acid biosynthetic process","3/28","11/18860",0.272727272727273,183.701298701299,23.3713577347054,4.79697038993247e-07,0.000133195877827125,6.86724182137701e-05,"CD74/PTGS2/IL1B",3
"GO:1902106","negative regulation of leukocyte differentiation","5/28","120/18860",0.0416666666666667,28.0654761904762,11.4686322080037,8.38299734933298e-07,0.000138951262551186,7.16397486837478e-05,"TLR4/CD74/IRF1/RUNX3/BCL6",5
"GO:1904646","cellular response to amyloid-beta","4/28","50/18860",0.08,53.8857142857143,14.4384010863876,8.53782900757358e-07,0.000138951262551186,7.16397486837478e-05,"TLR4/LCN2/EPHA4/LGMN",4
"GO:0071621","granulocyte chemotaxis","5/28","121/18860",0.0413223140495868,27.8335301062574,11.4179309720525,8.73542833772006e-07,0.000138951262551186,7.16397486837478e-05,"CXCL10/CD74/IL1B/MAPK1/PDE4B",5
"GO:0071222","cellular response to lipopolysaccharide","6/28","229/18860",0.0262008733624454,17.6481597005614,9.77363271792264,9.04250598786238e-07,0.000138951262551186,7.16397486837478e-05,"TLR4/LCN2/CXCL10/IL1B/MAPK1/PDE4B",6
"GO:0030595","leukocyte chemotaxis","6/28","237/18860",0.0253164556962025,17.0524412296564,9.58915995611443,1.10470228228546e-06,0.000138951262551186,7.16397486837478e-05,"CXCL10/CD74/LGMN/IL1B/MAPK1/PDE4B",6
"GO:0097529","myeloid leukocyte migration","6/28","237/18860",0.0253164556962025,17.0524412296564,9.58915995611443,1.10470228228546e-06,0.000138951262551186,7.16397486837478e-05,"CXCL10/CD74/LGMN/IL1B/MAPK1/PDE4B",6
"GO:1903707","negative regulation of hemopoiesis","5/28","127/18860",0.0393700787401575,26.5185601799775,11.1261390652382,1.11034684750011e-06,0.000138951262551186,7.16397486837478e-05,"TLR4/CD74/IRF1/RUNX3/BCL6",5
"GO:0045581","negative regulation of T cell differentiation","4/28","54/18860",0.0740740740740741,49.8941798941799,13.8738167301472,1.16765766849736e-06,0.000138951262551186,7.16397486837478e-05,"CD74/IRF1/RUNX3/BCL6",4
"GO:0031392","regulation of prostaglandin biosynthetic process","3/28","15/18860",0.2,134.714285714286,19.9763201926574,1.31754878604257e-06,0.000146302076292126,7.54296419121593e-05,"CD74/PTGS2/IL1B",3
"GO:0071219","cellular response to molecule of bacterial origin","6/28","247/18860",0.0242914979757085,16.3620589936379,9.37086841725528,1.40506195718728e-06,0.000146302076292126,7.54296419121593e-05,"TLR4/LCN2/CXCL10/IL1B/MAPK1/PDE4B",6
"GO:1904645","response to amyloid-beta","4/28","61/18860",0.0655737704918033,44.1686182669789,13.0213440746321,1.91309334044973e-06,0.000181887512463116,9.37765907436046e-05,"TLR4/LCN2/EPHA4/LGMN",4
"GO:2001279","regulation of unsaturated fatty acid biosynthetic process","3/28","17/18860",0.176470588235294,118.865546218487,18.7467692151814,1.96517120308289e-06,0.000181887512463116,9.37765907436046e-05,"CD74/PTGS2/IL1B",3
"GO:0045620","negative regulation of lymphocyte differentiation","4/28","64/18860",0.0625,42.0982142857143,12.6990240071963,2.32214689830093e-06,0.000196815810350941,0.000101473242715845,"CD74/IRF1/RUNX3/BCL6",4
"GO:0097530","granulocyte migration","5/28","148/18860",0.0337837837837838,22.7557915057915,10.2455615015328,2.36273481813855e-06,0.000196815810350941,0.000101473242715845,"CXCL10/CD74/IL1B/MAPK1/PDE4B",5
"GO:0071216","cellular response to biotic stimulus","6/28","274/18860",0.0218978102189781,14.7497393117831,8.84029794722648,2.56357024241901e-06,0.000203376572565242,0.000104855805404206,"TLR4/LCN2/CXCL10/IL1B/MAPK1/PDE4B",6
"GO:0070663","regulation of leukocyte proliferation","6/28","284/18860",0.0211267605633803,14.2303822937626,8.66254662927925,3.15300671440589e-06,0.000238768599372737,0.000123103037270584,"TLR4/CD74/IRF1/IL1B/MAPK1/BCL6",6
"GO:0010721","negative regulation of cell development","6/28","288/18860",0.0208333333333333,14.0327380952381,8.5939475215628,3.41776415132848e-06,0.000244753237701301,0.000126188565087674,"TLR4/CD74/IRF1/IL1B/RUNX3/BCL6",6
"GO:0007566","embryo implantation","4/28","71/18860",0.0563380281690141,37.9476861167002,12.0269279658429,3.52585696568501e-06,0.000244753237701301,0.000126188565087674,"PTGS2/IGFBP7/IL1B/SOD1",4
"GO:0050727","regulation of inflammatory response","7/28","460/18860",0.0152173913043478,10.25,7.7446511513109,3.72600253236038e-06,0.000248300808756496,0.000128017602796045,"TLR4/PTGS2/IL1B/MAPK1/LPCAT3/BCL6/SOD1",7
"GO:0032722","positive regulation of chemokine production","4/28","73/18860",0.0547945205479452,36.9080234833659,11.8526193211572,3.94164116602122e-06,0.000252568237791975,0.000130217781031308,"TLR4/CD74/IL1B/EGR1",4
"GO:0070665","positive regulation of leukocyte proliferation","5/28","173/18860",0.0289017341040462,19.467382328654,9.40911382559868,5.07679406855881e-06,0.000313256996971073,0.000161507366859415,"TLR4/CD74/IL1B/MAPK1/BCL6",5
"GO:0030593","neutrophil chemotaxis","4/28","83/18860",0.0481927710843374,32.4612736660929,11.0762402349715,6.58730059401917e-06,0.00039194438534414,0.000202076589651114,"CXCL10/CD74/IL1B/PDE4B",4
"GO:0045723","positive regulation of fatty acid biosynthetic process","3/28","26/18860",0.115384615384615,77.7197802197802,15.0942960652566,7.44694443722987e-06,0.000414523030803056,0.000213717566901683,"CD74/PTGS2/IL1B",3
"GO:0060326","cell chemotaxis","6/28","330/18860",0.0181818181818182,12.2467532467532,7.94761005051167,7.46440031458084e-06,0.000414523030803056,0.000213717566901683,"CXCL10/CD74/LGMN/IL1B/MAPK1/PDE4B",6
"GO:0045580","regulation of T cell differentiation","5/28","194/18860",0.0257731958762887,17.360088365243,8.83183613247139,8.86806955647644e-06,0.00045475318442424,0.000234459214311101,"CD74/IRF1/RUNX3/BCL6/SOD1",5
"GO:0048708","astrocyte differentiation","4/28","90/18860",0.0444444444444444,29.9365079365079,10.6102437424024,9.09447412264663e-06,0.00045475318442424,0.000234459214311101,"TLR4/EPHA4/IL1B/MAPK1",4
"GO:0050810","regulation of steroid biosynthetic process","4/28","90/18860",0.0444444444444444,29.9365079365079,10.6102437424024,9.09447412264663e-06,0.00045475318442424,0.000234459214311101,"IGFBP7/MAPK1/LPCAT3/EGR1",4
"GO:1902105","regulation of leukocyte differentiation","6/28","343/18860",0.0174927113702624,11.7825905872553,7.77096558043168,9.30543622613801e-06,0.00045475318442424,0.000234459214311101,"TLR4/CD74/IRF1/RUNX3/BCL6/SOD1",6
"GO:0007565","female pregnancy","5/28","197/18860",0.0253807106598985,17.0957215373459,8.7567501443183,9.55363832824034e-06,0.00045475318442424,0.000234459214311101,"PTGS2/IGFBP7/IL1B/CTSB/SOD1",5
"GO:0032496","response to lipopolysaccharide","6/28","350/18860",0.0171428571428571,11.5469387755102,7.67975492166968,1.043990518512e-05,0.000483135612178055,0.000249092474592338,"TLR4/LCN2/CXCL10/IL1B/MAPK1/PDE4B",6
"GO:0071214","cellular response to abiotic stimulus","6/28","355/18860",0.0169014084507042,11.3843058350101,7.61618045171472,1.13170133875312e-05,0.000491231089689098,0.000253266297584068,"TLR4/LCN2/PTGS2/IRF1/IL1B/EGR1",6
"GO:0104004","cellular response to environmental stimulus","6/28","355/18860",0.0169014084507042,11.3843058350101,7.61618045171472,1.13170133875312e-05,0.000491231089689098,0.000253266297584068,"TLR4/LCN2/PTGS2/IRF1/IL1B/EGR1",6
"GO:0070661","leukocyte proliferation","6/28","356/18860",0.0168539325842697,11.3523274478331,7.60361839565512,1.14994072616295e-05,0.000491231089689098,0.000253266297584068,"TLR4/CD74/IRF1/IL1B/MAPK1/BCL6",6
"GO:0002690","positive regulation of leukocyte chemotaxis","4/28","97/18860",0.0412371134020619,27.7761413843888,10.1946622833314,1.2244475518946e-05,0.000497890253465872,0.000256699593623651,"CXCL10/CD74/LGMN/MAPK1",4
"GO:0062012","regulation of small molecule metabolic process","6/28","360/18860",0.0166666666666667,11.2261904761905,7.55386792427126,1.22530014358348e-05,0.000497890253465872,0.000256699593623651,"CD74/PTGS2/IL1B/MAPK1/LPCAT3/EGR1",6
"GO:0001516","prostaglandin biosynthetic process","3/28","31/18860",0.0967741935483871,65.184331797235,13.7907017660022,1.28107792162776e-05,0.000508160908912343,0.000261994883220112,"CD74/PTGS2/IL1B",3
"GO:0044703","multi-organism reproductive process","5/28","217/18860",0.0230414746543779,15.5200789993417,8.2952803764161,1.52523457970211e-05,0.000571896729862036,0.000294855456856903,"PTGS2/IGFBP7/IL1B/CTSB/SOD1",5
"GO:0002237","response to molecule of bacterial origin","6/28","375/18860",0.016,10.7771428571429,7.37408247164825,1.54443431061167e-05,0.000571896729862036,0.000294855456856903,"TLR4/LCN2/CXCL10/IL1B/MAPK1/PDE4B",6
"GO:0046457","prostanoid biosynthetic process","3/28","33/18860",0.0909090909090909,61.2337662337662,13.3535442823716,1.55187494138042e-05,0.000571896729862036,0.000294855456856903,"CD74/PTGS2/IL1B",3
"GO:0032602","chemokine production","4/28","104/18860",0.0384615384615385,25.9065934065934,9.8208937348812,1.61339413586529e-05,0.000571896729862036,0.000294855456856903,"TLR4/CD74/IL1B/EGR1",4
"GO:0032642","regulation of chemokine production","4/28","104/18860",0.0384615384615385,25.9065934065934,9.8208937348812,1.61339413586529e-05,0.000571896729862036,0.000294855456856903,"TLR4/CD74/IL1B/EGR1",4
"GO:0046889","positive regulation of lipid biosynthetic process","4/28","106/18860",0.0377358490566038,25.4177897574124,9.72080989684476,1.73951877895434e-05,0.000591436384844476,0.000304929607653435,"CD74/PTGS2/IL1B/MAPK1",4
"GO:1990266","neutrophil migration","4/28","106/18860",0.0377358490566038,25.4177897574124,9.72080989684476,1.73951877895434e-05,0.000591436384844476,0.000304929607653435,"CXCL10/CD74/IL1B/PDE4B",4
"GO:0044706","multi-multicellular organism process","5/28","227/18860",0.0220264317180617,14.8363750786658,8.08693562942765,1.89508761468002e-05,0.000619061954128805,0.000319172650893477,"PTGS2/IGFBP7/IL1B/CTSB/SOD1",5
"GO:0045619","regulation of lymphocyte differentiation","5/28","227/18860",0.0220264317180617,14.8363750786658,8.08693562942765,1.89508761468002e-05,0.000619061954128805,0.000319172650893477,"CD74/IRF1/RUNX3/BCL6/SOD1",5
"GO:0050900","leukocyte migration","6/28","397/18860",0.0151133501259446,10.1799208348327,7.12809005222537,2.13131028049935e-05,0.00068283902448306,0.000352054491677625,"CXCL10/CD74/LGMN/IL1B/MAPK1/PDE4B",6
"GO:0050863","regulation of T cell activation","6/28","404/18860",0.0148514851485149,10.0035360678925,7.05383219043138,2.35183715835491e-05,0.000739275604871564,0.000381151761910151,"CD74/IRF1/IL1B/RUNX3/BCL6/SOD1",6
"GO:2001233","regulation of apoptotic signaling pathway","6/28","406/18860",0.0147783251231527,9.954257565095,7.03294893899778,2.41811942764398e-05,0.00074603462341757,0.000384636540537523,"TLR4/SP1/CD74/PTGS2/IL1B/SOD1",6
"GO:0006979","response to oxidative stress","6/28","418/18860",0.0143540669856459,9.66848940533151,6.91063058538993,2.84824357542732e-05,0.000862758872120349,0.00044481660431554,"LCN2/SP1/PTGS2/FBXO31/KDM6B/SOD1",6
"GO:0019218","regulation of steroid metabolic process","4/28","121/18860",0.0330578512396694,22.2668240850059,9.04924281061164,2.92969012318135e-05,0.000871582811646452,0.000449366003856388,"IGFBP7/MAPK1/LPCAT3/EGR1",4
"GO:0045429","positive regulation of nitric oxide biosynthetic process","3/28","42/18860",0.0714285714285714,48.1122448979592,11.7858751205992,3.23622764715152e-05,0.000917449737316002,0.000473013828046918,"TLR4/PTGS2/IL1B",3
"GO:0045923","positive regulation of fatty acid metabolic process","3/28","42/18860",0.0714285714285714,48.1122448979592,11.7858751205992,3.23622764715152e-05,0.000917449737316002,0.000473013828046918,"CD74/PTGS2/IL1B",3
"GO:0050670","regulation of lymphocyte proliferation","5/28","254/18860",0.0196850393700787,13.2592800899888,7.58482282931015,3.24907169877816e-05,0.000917449737316002,0.000473013828046918,"TLR4/CD74/IRF1/IL1B/BCL6",5
"GO:0002688","regulation of leukocyte chemotaxis","4/28","126/18860",0.0317460317460317,21.3832199546485,8.85182722943626,3.43416396089924e-05,0.000953552859809688,0.00049162768282347,"CXCL10/CD74/LGMN/MAPK1",4
"GO:0032944","regulation of mononuclear cell proliferation","5/28","258/18860",0.0193798449612403,13.0537098560354,7.51693663858727,3.5009340750945e-05,0.000956156749034005,0.000492970182101313,"TLR4/CD74/IRF1/IL1B/BCL6",5
"GO:0010001","glial cell differentiation","5/28","263/18860",0.0190114068441065,12.8055404671374,7.43416893966087,3.83681473158874e-05,0.00097712649128479,0.000503781649641997,"TLR4/EPHA4/IL1B/MAPK1/SOD1",5
"GO:0002367","cytokine production involved in immune response","4/28","130/18860",0.0307692307692308,20.7252747252747,8.70193773053404,3.88141859006682e-05,0.00097712649128479,0.000503781649641997,"TLR4/CD74/IL1B/BCL6",4
"GO:0002718","regulation of cytokine production involved in immune response","4/28","130/18860",0.0307692307692308,20.7252747252747,8.70193773053404,3.88141859006682e-05,0.00097712649128479,0.000503781649641997,"TLR4/CD74/IL1B/BCL6",4
"GO:0043523","regulation of neuron apoptotic process","5/28","264/18860",0.0189393939393939,12.7570346320346,7.41788532771483,3.90689337496322e-05,0.00097712649128479,0.000503781649641997,"LCN2/EPHA4/LGMN/EGR1/SOD1",5
"GO:1903706","regulation of hemopoiesis","6/28","443/18860",0.0135440180586907,9.12286359238955,6.67101170098681,3.94322444210574e-05,0.00097712649128479,0.000503781649641997,"TLR4/CD74/IRF1/RUNX3/BCL6/SOD1",6
"GO:1901797","negative regulation of signal transduction by p53 class mediator","3/28","45/18860",0.0666666666666667,44.9047619047619,11.3698803658973,3.98827139299914e-05,0.00097712649128479,0.000503781649641997,"CD74/FBXO31/DYRK1A",3
"GO:1904407","positive regulation of nitric oxide metabolic process","3/28","45/18860",0.0666666666666667,44.9047619047619,11.3698803658973,3.98827139299914e-05,0.00097712649128479,0.000503781649641997,"TLR4/PTGS2/IL1B",3
"GO:0150077","regulation of neuroinflammatory response","3/28","46/18860",0.0652173913043478,43.9285714285714,11.2402224308616,4.26228492967844e-05,0.00102912560765859,0.000530591075914204,"PTGS2/IL1B/MAPK1",3
"GO:0006953","acute-phase response","3/28","47/18860",0.0638297872340425,42.9939209726444,11.1146668827532,4.54837296816851e-05,0.00105674467851711,0.000544830768730625,"LCN2/PTGS2/IL1B",3
"GO:0030890","positive regulation of B cell proliferation","3/28","47/18860",0.0638297872340425,42.9939209726444,11.1146668827532,4.54837296816851e-05,0.00105674467851711,0.000544830768730625,"TLR4/CD74/BCL6",3
"GO:0010595","positive regulation of endothelial cell migration","4/28","136/18860",0.0294117647058824,19.8109243697479,8.48927101620678,4.63039384944471e-05,0.00105674467851711,0.000544830768730625,"LCN2/SP1/PTGS2/LGMN",4
"GO:0021782","glial cell development","4/28","136/18860",0.0294117647058824,19.8109243697479,8.48927101620678,4.63039384944471e-05,0.00105674467851711,0.000544830768730625,"TLR4/IL1B/MAPK1/SOD1",4
"GO:0006693","prostaglandin metabolic process","3/28","50/18860",0.06,40.4142857142857,10.7605479733505,5.48151342989498e-05,0.00123408126678446,0.000636261018320669,"CD74/PTGS2/IL1B",3
"GO:0006935","chemotaxis","6/28","474/18860",0.0126582278481013,8.52622061482821,6.39900737487329,5.7470901281206e-05,0.00125324143912208,0.000646139517485067,"CXCL10/CD74/LGMN/IL1B/MAPK1/PDE4B",6
"GO:0061082","myeloid leukocyte cytokine production","3/28","51/18860",0.0588235294117647,39.6218487394958,10.6494067883282,5.81832363258472e-05,0.00125324143912208,0.000646139517485067,"TLR4/CD74/BCL6",3
"GO:0042330","taxis","6/28","476/18860",0.0126050420168067,8.49039615846339,6.38231715237289,5.88299913668663e-05,0.00125324143912208,0.000646139517485067,"CXCL10/CD74/LGMN/IL1B/MAPK1/PDE4B",6
"GO:0045834","positive regulation of lipid metabolic process","4/28","145/18860",0.0275862068965517,18.5812807881773,8.19463696861813,5.94512970128862e-05,0.00125324143912208,0.000646139517485067,"CD74/PTGS2/IL1B/MAPK1",4
"GO:0050921","positive regulation of chemotaxis","4/28","145/18860",0.0275862068965517,18.5812807881773,8.19463696861813,5.94512970128862e-05,0.00125324143912208,0.000646139517485067,"CXCL10/CD74/LGMN/MAPK1",4
"GO:0050868","negative regulation of T cell activation","4/28","146/18860",0.0273972602739726,18.454011741683,8.16353957191451,6.10637345933426e-05,0.00125324143912208,0.000646139517485067,"CD74/IRF1/RUNX3/BCL6",4
"GO:0006692","prostanoid metabolic process","3/28","52/18860",0.0576923076923077,38.8598901098901,10.5414374472936,6.16841524657926e-05,0.00125324143912208,0.000646139517485067,"CD74/PTGS2/IL1B",3
"GO:1902003","regulation of amyloid-beta formation","3/28","52/18860",0.0576923076923077,38.8598901098901,10.5414374472936,6.16841524657926e-05,0.00125324143912208,0.000646139517485067,"EPHA4/SP1/DYRK1A",3
"GO:0003158","endothelium development","4/28","149/18860",0.0268456375838926,18.0824544582934,8.07207204777489,6.6092883465532e-05,0.00131084218873305,0.000675837003858072,"LCN2/CXCL10/IL1B/KDM6B",4
"GO:0010565","regulation of ketone metabolic process","4/28","149/18860",0.0268456375838926,18.0824544582934,8.07207204777489,6.6092883465532e-05,0.00131084218873305,0.000675837003858072,"CD74/PTGS2/IL1B/EGR1",4
"GO:0002687","positive regulation of leukocyte migration","4/28","152/18860",0.0263157894736842,17.7255639097744,7.98323669111406,7.1417910666264e-05,0.00139979104905877,0.000721696781469615,"CXCL10/CD74/LGMN/MAPK1",4
"GO:0050671","positive regulation of lymphocyte proliferation","4/28","153/18860",0.0261437908496732,17.609710550887,7.95418760213474,7.3260490364509e-05,0.0014192090342706,0.000731708202416638,"TLR4/CD74/IL1B/BCL6",4
"GO:0032946","positive regulation of mononuclear cell proliferation","4/28","155/18860",0.0258064516129032,17.3824884792627,7.89690634090105,7.70493662525042e-05,0.00147545108249048,0.000760705176794234,"TLR4/CD74/IL1B/BCL6",4
"GO:0046651","lymphocyte proliferation","5/28","312/18860",0.016025641025641,10.7944139194139,6.72662675358695,8.62681808137123e-05,0.00163127833024493,0.000841045755657968,"TLR4/CD74/IRF1/IL1B/BCL6",5
"GO:0001890","placenta development","4/28","160/18860",0.025,16.8392857142857,7.75827025732138,8.71451208834328e-05,0.00163127833024493,0.000841045755657968,"PTGS2/MAPK1/CTSB/SOD1",4
"GO:0042304","regulation of fatty acid biosynthetic process","3/28","59/18860",0.0508474576271186,34.2493946731235,9.86300827254458,9.01082368176267e-05,0.00166202285837752,0.000856896855017411,"CD74/PTGS2/IL1B",3
"GO:0051402","neuron apoptotic process","5/28","318/18860",0.0157232704402516,10.5907457322552,6.65085947859068,9.43660898376742e-05,0.00166202285837752,0.000856896855017411,"LCN2/EPHA4/LGMN/EGR1/SOD1",5
"GO:0006636","unsaturated fatty acid biosynthetic process","3/28","60/18860",0.05,33.6785714285714,9.77574549460497,9.47565931320952e-05,0.00166202285837752,0.000856896855017411,"CD74/PTGS2/IL1B",3
"GO:0034205","amyloid-beta formation","3/28","60/18860",0.05,33.6785714285714,9.77574549460497,9.47565931320952e-05,0.00166202285837752,0.000856896855017411,"EPHA4/SP1/DYRK1A",3
"GO:1902991","regulation of amyloid precursor protein catabolic process","3/28","60/18860",0.05,33.6785714285714,9.77574549460497,9.47565931320952e-05,0.00166202285837752,0.000856896855017411,"EPHA4/SP1/DYRK1A",3
"GO:0001660","fever generation","2/28","10/18860",0.2,134.714285714286,16.308433784185,9.4946701091793e-05,0.00166202285837752,0.000856896855017411,"PTGS2/IL1B",2
"GO:0032943","mononuclear cell proliferation","5/28","319/18860",0.0156739811912226,10.5575459023735,6.63842847333457,9.57708249725342e-05,0.00166202285837752,0.000856896855017411,"TLR4/CD74/IRF1/IL1B/BCL6",5
"GO:1903038","negative regulation of leukocyte cell-cell adhesion","4/28","165/18860",0.0242424242424242,16.3290043290043,7.62576306380879,9.81719112732279e-05,0.00168612787815668,0.000869324792175301,"CD74/IRF1/RUNX3/BCL6",4
"GO:0062013","positive regulation of small molecule metabolic process","4/28","167/18860",0.0239520958083832,16.1334473909324,7.57437367942221,0.000102854721028387,0.00174853025748258,0.000901497877112391,"CD74/PTGS2/IL1B/MAPK1",4
"GO:0007162","negative regulation of cell adhesion","5/28","326/18860",0.0153374233128834,10.3308501314636,6.55293043968973,0.00010606115704694,0.00178482714788082,0.000920211633708695,"EPHA4/CD74/IRF1/RUNX3/BCL6",5
"GO:0046456","icosanoid biosynthetic process","3/28","63/18860",0.0476190476190476,32.0748299319728,9.5263138979186,0.000109634180779083,0.00182650545177952,0.000941699910691913,"CD74/PTGS2/IL1B",3
"GO:0070371","ERK1 and ERK2 cascade","5/28","331/18860",0.0151057401812689,10.1747949935261,6.49343501165139,0.000113917985111636,0.00187908280392065,0.000968807460668006,"TLR4/EPHA4/CD74/IL1B/MAPK1",5
"GO:0031652","positive regulation of heat generation","2/28","11/18860",0.181818181818182,122.467532467532,15.5382647777011,0.000115939368659081,0.001893676354765,0.000976331525550159,"PTGS2/IL1B",2
"GO:0032757","positive regulation of interleukin-8 production","3/28","65/18860",0.0461538461538462,31.0879120879121,9.3695274511798,0.000120352463211394,0.00189421021730004,0.0009766067715403,"TLR4/CD74/IL1B",3
"GO:0045428","regulation of nitric oxide biosynthetic process","3/28","65/18860",0.0461538461538462,31.0879120879121,9.3695274511798,0.000120352463211394,0.00189421021730004,0.0009766067715403,"TLR4/PTGS2/IL1B",3
"GO:1903409","reactive oxygen species biosynthetic process","3/28","65/18860",0.0461538461538462,31.0879120879121,9.3695274511798,0.000120352463211394,0.00189421021730004,0.0009766067715403,"TLR4/LCN2/SOD1",3
"GO:0062197","cellular response to chemical stress","5/28","335/18860",0.0149253731343284,10.0533049040512,6.44674608934161,0.000120519977811407,0.00189421021730004,0.0009766067715403,"LCN2/PTGS2/FBXO31/KDM6B/SOD1",5
"GO:0006694","steroid biosynthetic process","4/28","177/18860",0.0225988700564972,15.2219531880549,7.33014717095817,0.000128742030080903,0.00200452544032508,0.00103348250414183,"IGFBP7/MAPK1/LPCAT3/EGR1",4
"GO:0050729","positive regulation of inflammatory response","4/28","179/18860",0.0223463687150838,15.0518754988029,7.28368024094011,0.000134437721332314,0.00206870182320929,0.00106657022034421,"TLR4/PTGS2/IL1B/MAPK1",4
"GO:0030888","regulation of B cell proliferation","3/28","68/18860",0.0441176470588235,29.7163865546219,9.14719354579373,0.000137674858506026,0.00206870182320929,0.00106657022034421,"TLR4/CD74/BCL6",3
"GO:0008202","steroid metabolic process","5/28","345/18860",0.0144927536231884,9.76190476190476,6.33339158647904,0.000138315442001308,0.00206870182320929,0.00106657022034421,"LGMN/IGFBP7/MAPK1/LPCAT3/EGR1",5
"GO:2000343","positive regulation of chemokine (C-X-C motif) ligand 2 production","2/28","12/18860",0.166666666666667,112.261904761905,14.8660161500752,0.000138999450349409,0.00206870182320929,0.00106657022034421,"TLR4/CD74",2
"GO:0051251","positive regulation of lymphocyte activation","5/28","346/18860",0.0144508670520231,9.733691164327,6.32231126368093,0.000140200145196957,0.00206870182320929,0.00106657022034421,"TLR4/CD74/IL1B/RUNX3/BCL6",5
"GO:0043524","negative regulation of neuron apoptotic process","4/28","181/18860",0.0220994475138122,14.8855564325178,7.23795514497456,0.000140314109257293,0.00206870182320929,0.00106657022034421,"LCN2/EPHA4/LGMN/SOD1",4
"GO:0080164","regulation of nitric oxide metabolic process","3/28","69/18860",0.0434782608695652,29.2857142857143,9.07625883505034,0.000143789920739273,0.00210135094694411,0.0010834032809164,"TLR4/PTGS2/IL1B",3
"GO:0051250","negative regulation of lymphocyte activation","4/28","183/18860",0.0218579234972678,14.7228727556596,7.19295171625475,0.000146374641672818,0.00212052306979926,0.00109328794146471,"CD74/IRF1/RUNX3/BCL6",4
"GO:2000379","positive regulation of reactive oxygen species metabolic process","3/28","71/18860",0.0422535211267606,28.4607645875252,8.93881788802615,0.000156544729840545,0.00224830620615817,0.00115916968738553,"TLR4/LCN2/SOD1",3
"GO:0042063","gliogenesis","5/28","357/18860",0.0140056022408964,9.43377350940376,6.20333293601538,0.000162261532696621,0.00231049327754334,0.00119123176500623,"TLR4/EPHA4/IL1B/MAPK1/SOD1",5
"GO:0042987","amyloid precursor protein catabolic process","3/28","74/18860",0.0405405405405405,27.3069498069498,8.74297668428781,0.000177021547144679,0.0024783016600255,0.00127774951322475,"EPHA4/SP1/DYRK1A",3
"GO:0050435","amyloid-beta metabolic process","3/28","74/18860",0.0405405405405405,27.3069498069498,8.74297668428781,0.000177021547144679,0.0024783016600255,0.00127774951322475,"EPHA4/SP1/DYRK1A",3
"GO:0048872","homeostasis of number of cells","5/28","369/18860",0.013550135501355,9.12698412698413,6.07928520535766,0.000189267881378516,0.0026163644674752,0.0013489311969797,"CD74/PDE4B/LPCAT3/BCL6/SOD1",5
"GO:0031650","regulation of heat generation","2/28","14/18860",0.142857142857143,96.2244897959184,13.7433688384299,0.000191298886367196,0.0026163644674752,0.0013489311969797,"PTGS2/IL1B",2
"GO:0071260","cellular response to mechanical stimulus","3/28","76/18860",0.0394736842105263,26.5883458646617,8.61876603980485,0.000191594516825915,0.0026163644674752,0.0013489311969797,"TLR4/IRF1/IL1B",3
"GO:0032729","positive regulation of type II interferon production","3/28","77/18860",0.038961038961039,26.2430426716141,8.55844192355386,0.000199163991054115,0.0026976195861476,0.00139082427642411,"TLR4/IL1B/PDE4B",3
"GO:0071496","cellular response to external stimulus","3/28","78/18860",0.0384615384615385,25.9065934065934,8.49925457099252,0.000206924974363908,0.00278013715556669,0.00143336824347155,"TLR4/IRF1/IL1B",3
"GO:0002700","regulation of production of molecular mediator of immune response","4/28","202/18860",0.0198019801980198,13.3380480905233,6.79797749047673,0.000213804049533256,0.00284804358840855,0.00146837907887874,"TLR4/CD74/IL1B/BCL6",4
"GO:0002696","positive regulation of leukocyte activation","5/28","381/18860",0.0131233595800525,8.8395200599925,5.96077671693303,0.000219590988502194,0.00284804358840855,0.00146837907887874,"TLR4/CD74/IL1B/RUNX3/BCL6",5
"GO:0002903","negative regulation of B cell apoptotic process","2/28","15/18860",0.133333333333333,89.8095238095238,13.2677482761061,0.000220526784456604,0.00284804358840855,0.00146837907887874,"CD74/BCL6",2
"GO:0043374","CD8-positive, alpha-beta T cell differentiation","2/28","15/18860",0.133333333333333,89.8095238095238,13.2677482761061,0.000220526784456604,0.00284804358840855,0.00146837907887874,"IRF1/RUNX3",2
"GO:0043518","negative regulation of DNA damage response, signal transduction by p53 class mediator","2/28","15/18860",0.133333333333333,89.8095238095238,13.2677482761061,0.000220526784456604,0.00284804358840855,0.00146837907887874,"CD74/DYRK1A",2
"GO:0006809","nitric oxide biosynthetic process","3/28","80/18860",0.0375,25.2589285714286,8.38414804683542,0.000223029959154144,0.00285821470731387,0.00147362304995774,"TLR4/PTGS2/IL1B",3
"GO:0046631","alpha-beta T cell activation","4/28","206/18860",0.0194174757281553,13.0790568654646,6.72157072964632,0.00023044265761816,0.00293066769154088,0.00151097797200819,"TLR4/IRF1/RUNX3/BCL6",4
"GO:0030330","DNA damage response, signal transduction by p53 class mediator","3/28","82/18860",0.0365853658536585,24.6428571428571,8.27317746081756,0.000239926357548696,0.00302816145209188,0.00156124328357046,"CD74/FBXO31/DYRK1A",3
"GO:0002695","negative regulation of leukocyte activation","4/28","212/18860",0.0188679245283019,12.7088948787062,6.61085802518829,0.000257125260917677,0.00322083221570564,0.00166057944526177,"CD74/IRF1/RUNX3/BCL6",4
"GO:0050920","regulation of chemotaxis","4/28","214/18860",0.0186915887850467,12.5901201602136,6.57494476028488,0.000266494121347351,0.00331327765794543,0.00170824197187304,"CXCL10/CD74/LGMN/MAPK1",4
"GO:0050867","positive regulation of cell activation","5/28","401/18860",0.0124688279301746,8.39864624153901,5.774448163191,0.000278227922106836,0.00340829204580874,0.00175722898172739,"TLR4/CD74/IL1B/RUNX3/BCL6",5
"GO:1903037","regulation of leukocyte cell-cell adhesion","5/28","401/18860",0.0124688279301746,8.39864624153901,5.774448163191,0.000278227922106836,0.00340829204580874,0.00175722898172739,"CD74/IRF1/IL1B/RUNX3/BCL6",5
"GO:0032310","prostaglandin secretion","2/28","17/18860",0.117647058823529,79.2436974789916,12.4448287582029,0.000285110385880809,0.00342747872485274,0.00176712114707768,"PTGS2/IL1B",2
"GO:0050871","positive regulation of B cell activation","3/28","87/18860",0.0344827586206897,23.2266009852217,8.01227713259317,0.000285739233267228,0.00342747872485274,0.00176712114707768,"TLR4/CD74/BCL6",3
"GO:0007626","locomotory behavior","4/28","218/18860",0.018348623853211,12.3591087811271,6.50453682512389,0.000285966112097558,0.00342747872485274,0.00176712114707768,"EPHA4/EGR1/GMFB/SOD1",4
"GO:0002720","positive regulation of cytokine production involved in immune response","3/28","88/18860",0.0340909090909091,22.9626623376623,7.96271498679735,0.000295530619238671,0.00349832489150886,0.00180364763471993,"TLR4/CD74/IL1B",3
"GO:0022408","negative regulation of cell-cell adhesion","4/28","220/18860",0.0181818181818182,12.2467532467532,6.4700207936176,0.000296076716508253,0.00349832489150886,0.00180364763471993,"CD74/IRF1/RUNX3/BCL6",4
"GO:0007422","peripheral nervous system development","3/28","89/18860",0.0337078651685393,22.7046548956661,7.9139683047034,0.000305536368726394,0.00353488604373731,0.00182249763801709,"MAPK1/RUNX3/SOD1",3
"GO:0033077","T cell differentiation in thymus","3/28","89/18860",0.0337078651685393,22.7046548956661,7.9139683047034,0.000305536368726394,0.00353488604373731,0.00182249763801709,"CD74/IL1B/SOD1",3
"GO:0046209","nitric oxide metabolic process","3/28","89/18860",0.0337078651685393,22.7046548956661,7.9139683047034,0.000305536368726394,0.00353488604373731,0.00182249763801709,"TLR4/PTGS2/IL1B",3
"GO:0034248","regulation of amide metabolic process","3/28","90/18860",0.0333333333333333,22.452380952381,7.866014491419,0.000315758503023075,0.00362795631749271,0.00187048231191891,"EPHA4/SP1/DYRK1A",3
"GO:0003159","morphogenesis of an endothelium","2/28","18/18860",0.111111111111111,74.8412698412698,12.0854279232758,0.000320454701439577,0.00363181994964853,0.0018724743027189,"LCN2/CXCL10",2
"GO:0061154","endothelial tube morphogenesis","2/28","18/18860",0.111111111111111,74.8412698412698,12.0854279232758,0.000320454701439577,0.00363181994964853,0.0018724743027189,"LCN2/CXCL10",2
"GO:0150076","neuroinflammatory response","3/28","91/18860",0.032967032967033,22.2056514913658,7.81883182149098,0.000326199034132447,0.00364729926754804,0.00188045504664131,"PTGS2/IL1B/MAPK1",3
"GO:2001057","reactive nitrogen species metabolic process","3/28","91/18860",0.032967032967033,22.2056514913658,7.81883182149098,0.000326199034132447,0.00364729926754804,0.00188045504664131,"TLR4/PTGS2/IL1B",3
"GO:0009612","response to mechanical stimulus","4/28","228/18860",0.0175438596491228,11.8170426065163,6.3363090159339,0.000339104321964844,0.00376631866928954,0.00194181843314606,"TLR4/CXCL10/IRF1/IL1B",4
"GO:0031649","heat generation","2/28","19/18860",0.105263157894737,70.9022556390977,11.7545535509926,0.00035782645399478,0.00385706934585476,0.00198860718153629,"PTGS2/IL1B",2
"GO:0035234","ectopic germ cell programmed cell death","2/28","19/18860",0.105263157894737,70.9022556390977,11.7545535509926,0.00035782645399478,0.00385706934585476,0.00198860718153629,"IL1B/SOD1",2
"GO:0097396","response to interleukin-17","2/28","19/18860",0.105263157894737,70.9022556390977,11.7545535509926,0.00035782645399478,0.00385706934585476,0.00198860718153629,"CXCL10/IL1B",2
"GO:0097398","cellular response to interleukin-17","2/28","19/18860",0.105263157894737,70.9022556390977,11.7545535509926,0.00035782645399478,0.00385706934585476,0.00198860718153629,"CXCL10/IL1B",2
"GO:0042100","B cell proliferation","3/28","94/18860",0.0319148936170213,21.4969604863222,7.68170558201897,0.000358850989560317,0.00385706934585476,0.00198860718153629,"TLR4/CD74/BCL6",3
"GO:0002685","regulation of leukocyte migration","4/28","233/18860",0.0171673819742489,11.5634580012262,6.25608637736652,0.000368174054296243,0.00392820561601489,0.00202528323919135,"CXCL10/CD74/LGMN/MAPK1",4
"GO:0071347","cellular response to interleukin-1","3/28","95/18860",0.0315789473684211,21.2706766917293,7.63740618093201,0.000370185043045821,0.00392820561601489,0.00202528323919135,"LCN2/IL1B/EGR1",3
"GO:0050866","negative regulation of cell activation","4/28","235/18860",0.0170212765957447,11.4650455927052,6.22468011956452,0.00038028763730797,0.00400986837819669,0.00206738648929582,"CD74/IRF1/RUNX3/BCL6",4
"GO:0002440","production of molecular mediator of immune response","4/28","236/18860",0.0169491525423729,11.4164648910412,6.20911920354334,0.000386450424194719,0.00404922268370064,0.00208767657161795,"TLR4/CD74/IL1B/BCL6",4
"GO:0042180","ketone metabolic process","4/28","237/18860",0.0168776371308017,11.3682941531043,6.19365177444047,0.000392684516279063,0.00408882752575575,0.00210809582423497,"CD74/PTGS2/IL1B/EGR1",4
"GO:2001185","regulation of CD8-positive, alpha-beta T cell activation","2/28","20/18860",0.1,67.3571428571429,11.4485991610688,0.000397219978053415,0.00411036325116143,0.00211919909834316,"IRF1/RUNX3",2
"GO:0010594","regulation of endothelial cell migration","4/28","239/18860",0.0167364016736402,11.2731619844591,6.16299349882968,0.00040536854468269,0.00414522194018236,0.00213717135476642,"LCN2/SP1/PTGS2/LGMN",4
"GO:0071677","positive regulation of mononuclear cell migration","3/28","98/18860",0.0306122448979592,20.6195335276968,7.50848422432564,0.000405564931722524,0.00414522194018236,0.00213717135476642,"CXCL10/LGMN/MAPK1",3
"GO:0007159","leukocyte cell-cell adhesion","5/28","439/18860",0.0113895216400911,7.67165636186137,5.45380305604189,0.000421755292135988,0.0042844165652351,0.00220893657498695,"CD74/IRF1/IL1B/RUNX3/BCL6",5
"GO:0002755","MyD88-dependent toll-like receptor signaling pathway","2/28","21/18860",0.0952380952380952,64.1496598639456,11.1645664569738,0.000438629619445702,0.00429857027056788,0.00221623386667302,"TLR4/IRF1",2
"GO:0002902","regulation of B cell apoptotic process","2/28","21/18860",0.0952380952380952,64.1496598639456,11.1645664569738,0.000438629619445702,0.00429857027056788,0.00221623386667302,"CD74/BCL6",2
"GO:0072567","chemokine (C-X-C motif) ligand 2 production","2/28","21/18860",0.0952380952380952,64.1496598639456,11.1645664569738,0.000438629619445702,0.00429857027056788,0.00221623386667302,"TLR4/CD74",2
"GO:1902004","positive regulation of amyloid-beta formation","2/28","21/18860",0.0952380952380952,64.1496598639456,11.1645664569738,0.000438629619445702,0.00429857027056788,0.00221623386667302,"EPHA4/SP1",2
"GO:1903428","positive regulation of reactive oxygen species biosynthetic process","2/28","21/18860",0.0952380952380952,64.1496598639456,11.1645664569738,0.000438629619445702,0.00429857027056788,0.00221623386667302,"TLR4/LCN2",2
"GO:2000341","regulation of chemokine (C-X-C motif) ligand 2 production","2/28","21/18860",0.0952380952380952,64.1496598639456,11.1645664569738,0.000438629619445702,0.00429857027056788,0.00221623386667302,"TLR4/CD74",2
"GO:0042982","amyloid precursor protein metabolic process","3/28","102/18860",0.0294117647058824,19.8109243697479,7.34525843576471,0.000456025275024421,0.00441708202436445,0.00227733552276577,"EPHA4/SP1/DYRK1A",3
"GO:0046330","positive regulation of JNK cascade","3/28","102/18860",0.0294117647058824,19.8109243697479,7.34525843576471,0.000456025275024421,0.00441708202436445,0.00227733552276577,"TLR4/EPHA4/IL1B",3
"GO:0032755","positive regulation of interleukin-6 production","3/28","103/18860",0.029126213592233,19.618585298197,7.30590002704103,0.000469240156699005,0.00449283966126748,0.00231639423996605,"TLR4/CD74/IL1B",3
"GO:0042542","response to hydrogen peroxide","3/28","103/18860",0.029126213592233,19.618585298197,7.30590002704103,0.000469240156699005,0.00449283966126748,0.00231639423996605,"LCN2/KDM6B/SOD1",3
"GO:0010720","positive regulation of cell development","5/28","451/18860",0.0110864745011086,7.46753246753247,5.36045818814849,0.000477036797248566,0.00454139030980635,0.00234142572363808,"EPHA4/CD74/IL1B/RUNX3/BCL6",5
"GO:0150078","positive regulation of neuroinflammatory response","2/28","22/18860",0.0909090909090909,61.2337662337662,10.8999394758277,0.000482049735305819,0.00456303897170167,0.00235258722493749,"IL1B/MAPK1",2
"GO:0032637","interleukin-8 production","3/28","105/18860",0.0285714285714286,19.2448979591837,7.22882443472887,0.000496402960930509,0.00464610861185522,0.00239541582566112,"TLR4/CD74/IL1B",3
"GO:0032677","regulation of interleukin-8 production","3/28","105/18860",0.0285714285714286,19.2448979591837,7.22882443472887,0.000496402960930509,0.00464610861185522,0.00239541582566112,"TLR4/CD74/IL1B",3
"GO:0090026","positive regulation of monocyte chemotaxis","2/28","23/18860",0.0869565217391304,58.5714285714286,10.6525891742261,0.000527474694052656,0.00490934547649009,0.00253113408025268,"CXCL10/LGMN",2
"GO:0060907","positive regulation of macrophage cytokine production","2/28","24/18860",0.0833333333333333,56.1309523809524,10.4207001162087,0.000574898875370603,0.00532100847981903,0.00274337708948779,"TLR4/CD74",2
"GO:0034599","cellular response to oxidative stress","4/28","264/18860",0.0151515151515152,10.2056277056277,5.8081219310114,0.000589733436724007,0.00542815417448727,0.0027986186936132,"LCN2/FBXO31/KDM6B/SOD1",4
"GO:0043410","positive regulation of MAPK cascade","5/28","474/18860",0.0105485232067511,7.10518384569018,5.19080139327279,0.000598144310834725,0.00545652065286547,0.00281324373080067,"TLR4/EPHA4/CD74/IL1B/SOD1",5
"GO:0002526","acute inflammatory response","3/28","112/18860",0.0267857142857143,18.0420918367347,6.97500564452844,0.000599365713970216,0.00545652065286547,0.00281324373080067,"LCN2/PTGS2/IL1B",3
"GO:0050870","positive regulation of T cell activation","4/28","267/18860",0.0149812734082397,10.0909577314072,5.76873591137416,0.000615275683271737,0.00557092004527561,0.00287222515760719,"CD74/IL1B/RUNX3/BCL6",4
"GO:0043371","negative regulation of CD4-positive, alpha-beta T cell differentiation","2/28","25/18860",0.08,53.8857142857143,10.202713456398,0.000624316670190361,0.00559199770181259,0.0028830922630183,"RUNX3/BCL6",2
"GO:0046697","decidualization","2/28","25/18860",0.08,53.8857142857143,10.202713456398,0.000624316670190361,0.00559199770181259,0.0028830922630183,"PTGS2/CTSB",2
"GO:0009636","response to toxic substance","4/28","270/18860",0.0148148148148148,9.97883597883598,5.72997000457787,0.000641596426278915,0.0057160408886667,0.00294704578577875,"LCN2/PTGS2/KDM6B/SOD1",4
"GO:0019217","regulation of fatty acid metabolic process","3/28","115/18860",0.0260869565217391,17.5714285714286,6.873157091784,0.000647361431286847,0.0057367241729994,0.00295770956287832,"CD74/PTGS2/IL1B",3
"GO:0060291","long-term synaptic potentiation","3/28","116/18860",0.0258620689655172,17.4199507389163,6.84005871735954,0.000663889116500305,0.00585205961952121,0.00301717359545669,"EPHA4/LGMN/MAPK1",3
"GO:0010623","programmed cell death involved in cell development","2/28","26/18860",0.0769230769230769,51.8131868131868,9.9972821035231,0.000675722480669788,0.00592501922524141,0.00305478971870663,"IL1B/SOD1",2
"GO:0001783","B cell apoptotic process","2/28","27/18860",0.0740740740740741,49.8941798941799,9.80323510373091,0.000729110720174777,0.00632655447818322,0.00326181111657137,"CD74/BCL6",2
"GO:1902993","positive regulation of amyloid precursor protein catabolic process","2/28","27/18860",0.0740740740740741,49.8941798941799,9.80323510373091,0.000729110720174777,0.00632655447818322,0.00326181111657137,"EPHA4/SP1",2
"GO:0032868","response to insulin","4/28","280/18860",0.0142857142857143,9.62244897959184,5.6050167822748,0.000735127476473929,0.00634571179173868,0.00327168814182016,"SP1/IL1B/MAPK1/EGR1",4
"GO:0033559","unsaturated fatty acid metabolic process","3/28","121/18860",0.0247933884297521,16.7001180637544,6.6805546491708,0.000750575751969911,0.00644566599372099,0.00332322199461447,"CD74/PTGS2/IL1B",3
"GO:0032609","type II interferon production","3/28","122/18860",0.0245901639344262,16.5632318501171,6.64979425663708,0.000768734993509547,0.00649222267777946,0.00334722544074559,"TLR4/IL1B/PDE4B",3
"GO:0032649","regulation of type II interferon production","3/28","122/18860",0.0245901639344262,16.5632318501171,6.64979425663708,0.000768734993509547,0.00649222267777946,0.00334722544074559,"TLR4/IL1B/PDE4B",3
"GO:0007611","learning or memory","4/28","284/18860",0.0140845070422535,9.48692152917505,5.55678224960837,0.000775115639186783,0.00649222267777946,0.00334722544074559,"LCN2/LGMN/MAPK1/GMFB",4
"GO:0002675","positive regulation of acute inflammatory response","2/28","28/18860",0.0714285714285714,48.1122448979592,9.61954908355524,0.000784475813260152,0.00649222267777946,0.00334722544074559,"PTGS2/IL1B",2
"GO:0015732","prostaglandin transport","2/28","28/18860",0.0714285714285714,48.1122448979592,9.61954908355524,0.000784475813260152,0.00649222267777946,0.00334722544074559,"PTGS2/IL1B",2
"GO:0036037","CD8-positive, alpha-beta T cell activation","2/28","28/18860",0.0714285714285714,48.1122448979592,9.61954908355524,0.000784475813260152,0.00649222267777946,0.00334722544074559,"IRF1/RUNX3",2
"GO:0070555","response to interleukin-1","3/28","123/18860",0.024390243902439,16.4285714285714,6.61939604258849,0.000787172257449851,0.00649222267777946,0.00334722544074559,"LCN2/IL1B/EGR1",3
"GO:1901796","regulation of signal transduction by p53 class mediator","3/28","123/18860",0.024390243902439,16.4285714285714,6.61939604258849,0.000787172257449851,0.00649222267777946,0.00334722544074559,"CD74/FBXO31/DYRK1A",3
"GO:0046634","regulation of alpha-beta T cell activation","3/28","124/18860",0.0241935483870968,16.2960829493088,6.58935274352737,0.000805889262867014,0.0066138498124948,0.003409933308268,"IRF1/RUNX3/BCL6",3
"GO:0045582","positive regulation of T cell differentiation","3/28","125/18860",0.024,16.1657142857143,6.5596572990942,0.000824887720363018,0.00672285538098096,0.00346613381618782,"CD74/RUNX3/BCL6",3
"GO:1903039","positive regulation of leukocyte cell-cell adhesion","4/28","289/18860",0.013840830449827,9.32278793870489,5.49781635227608,0.00082724210870414,0.00672285538098096,0.00346613381618782,"CD74/IL1B/RUNX3/BCL6",4
"GO:0042113","B cell activation","4/28","291/18860",0.013745704467354,9.25871379479627,5.47463003208842,0.000848771775399199,0.0068643387272576,0.0035390790430544,"TLR4/KLF6/CD74/BCL6",4
"GO:0006690","icosanoid metabolic process","3/28","128/18860",0.0234375,15.7868303571429,6.47259038683785,0.00088358878471532,0.00711139572625953,0.00366645536907043,"CD74/PTGS2/IL1B",3
"GO:0046639","negative regulation of alpha-beta T cell differentiation","2/28","30/18860",0.0666666666666667,44.9047619047619,9.27977009673413,0.00090111431422166,0.00720389550139025,0.00371414590834298,"RUNX3/BCL6",2
"GO:0034341","response to type II interferon","3/28","129/18860",0.0232558139534884,15.6644518272425,6.44421957259971,0.000903729987869485,0.00720389550139025,0.00371414590834298,"TLR4/CD74/IRF1",3
"GO:0019886","antigen processing and presentation of exogenous peptide antigen via MHC class II","2/28","31/18860",0.0645161290322581,43.4562211981567,9.1221808852799,0.000962376626980652,0.00759867042914581,0.00391768185390976,"CD74/LGMN",2
"GO:0034250","positive regulation of amide metabolic process","2/28","31/18860",0.0645161290322581,43.4562211981567,9.1221808852799,0.000962376626980652,0.00759867042914581,0.00391768185390976,"EPHA4/SP1",2
"GO:0043542","endothelial cell migration","4/28","302/18860",0.0132450331125828,8.92147587511826,5.35098967969493,0.000974337461361837,0.00765682174824915,0.0039476631999566,"LCN2/SP1/PTGS2/LGMN",4
"GO:0070372","regulation of ERK1 and ERK2 cascade","4/28","303/18860",0.0132013201320132,8.89203206034889,5.34006316852646,0.000986366869499693,0.0077149634018145,0.00397763956269706,"TLR4/EPHA4/CD74/IL1B",4
"GO:0050864","regulation of B cell activation","3/28","134/18860",0.0223880597014925,15.0799573560768,6.3069785258107,0.00100881726560362,0.00785368955371791,0.00404916325003716,"TLR4/CD74/BCL6",3
"GO:0010575","positive regulation of vascular endothelial growth factor production","2/28","32/18860",0.0625,42.0982142857143,8.97193192608112,0.00102559360304776,0.00791036547535911,0.0040783839185525,"PTGS2/IL1B",2
"GO:0090025","regulation of monocyte chemotaxis","2/28","32/18860",0.0625,42.0982142857143,8.97193192608112,0.00102559360304776,0.00791036547535911,0.0040783839185525,"CXCL10/LGMN",2
"GO:0033198","response to ATP","2/28","33/18860",0.0606060606060606,40.8225108225108,8.82846441379449,0.00109075972263705,0.00837421980605217,0.00431753545317405,"IL1B/SOD1",2
"GO:0002828","regulation of type 2 immune response","2/28","34/18860",0.0588235294117647,39.6218487394958,8.69127743201213,0.00115786947703754,0.00884867224194746,0.00456215110218559,"CD74/BCL6",2
"GO:0001666","response to hypoxia","4/28","317/18860",0.0126182965299685,8.49932401982875,5.19220550736084,0.00116598978550852,0.00884876123321369,0.00456219698382661,"LCN2/EPHA4/PTGS2/EGR1",4
"GO:0045621","positive regulation of lymphocyte differentiation","3/28","141/18860",0.0212765957446809,14.3313069908815,6.12676308176899,0.00116850388433794,0.00884876123321369,0.00456219698382661,"CD74/RUNX3/BCL6",3
"GO:0046632","alpha-beta T cell differentiation","3/28","143/18860",0.020979020979021,14.1308691308691,6.07761933001543,0.00121688823337195,0.0091661180990053,0.00472581813912196,"IRF1/RUNX3/BCL6",3
"GO:0002495","antigen processing and presentation of peptide antigen via MHC class II","2/28","35/18860",0.0571428571428571,38.4897959183673,8.5599204604666,0.00122691736859435,0.0091661180990053,0.00472581813912196,"CD74/LGMN",2
"GO:0061081","positive regulation of myeloid leukocyte cytokine production involved in immune response","2/28","35/18860",0.0571428571428571,38.4897959183673,8.5599204604666,0.00122691736859435,0.0091661180990053,0.00472581813912196,"TLR4/CD74",2
"GO:0010212","response to ionizing radiation","3/28","145/18860",0.0206896551724138,13.935960591133,6.02945269812026,0.00126652206974248,0.0094197578937097,0.00485658838773432,"LCN2/CXCL10/EGR1",3
"GO:0002702","positive regulation of production of molecular mediator of immune response","3/28","146/18860",0.0205479452054795,13.8405088062622,6.00572540656094,0.00129181140544491,0.00952554149431344,0.00491112773068792,"TLR4/CD74/IL1B",3
"GO:0001893","maternal placenta development","2/28","36/18860",0.0555555555555556,37.4206349206349,8.4339870347355,0.00129789791068977,0.00952554149431344,0.00491112773068792,"PTGS2/CTSB",2
"GO:0090075","relaxation of muscle","2/28","36/18860",0.0555555555555556,37.4206349206349,8.4339870347355,0.00129789791068977,0.00952554149431344,0.00491112773068792,"PDE4B/SOD1",2
"GO:0036293","response to decreased oxygen levels","4/28","330/18860",0.0121212121212121,8.16450216450216,5.06285397751994,0.00135235055770175,0.0098015544025278,0.00505343298948802,"LCN2/EPHA4/PTGS2/EGR1",4
"GO:0002504","antigen processing and presentation of peptide or polysaccharide antigen via MHC class II","2/28","37/18860",0.0540540540540541,36.4092664092664,8.31310935461173,0.00137080562772448,0.0098015544025278,0.00505343298948802,"CD74/LGMN",2
"GO:0032743","positive regulation of interleukin-2 production","2/28","37/18860",0.0540540540540541,36.4092664092664,8.31310935461173,0.00137080562772448,0.0098015544025278,0.00505343298948802,"IL1B/PDE4B",2
"GO:0045540","regulation of cholesterol biosynthetic process","2/28","37/18860",0.0540540540540541,36.4092664092664,8.31310935461173,0.00137080562772448,0.0098015544025278,0.00505343298948802,"MAPK1/LPCAT3",2
"GO:0106118","regulation of sterol biosynthetic process","2/28","37/18860",0.0540540540540541,36.4092664092664,8.31310935461173,0.00137080562772448,0.0098015544025278,0.00505343298948802,"MAPK1/LPCAT3",2
"GO:2000515","negative regulation of CD4-positive, alpha-beta T cell activation","2/28","37/18860",0.0540540540540541,36.4092664092664,8.31310935461173,0.00137080562772448,0.0098015544025278,0.00505343298948802,"RUNX3/BCL6",2
"GO:0046328","regulation of JNK cascade","3/28","150/18860",0.02,13.4714285714286,5.91309780750164,0.00139615380404217,0.00982837650288495,0.00506726178451641,"TLR4/EPHA4/IL1B",3
"GO:0071675","regulation of mononuclear cell migration","3/28","150/18860",0.02,13.4714285714286,5.91309780750164,0.00139615380404217,0.00982837650288495,0.00506726178451641,"CXCL10/LGMN/MAPK1",3
"GO:2000377","regulation of reactive oxygen species metabolic process","3/28","150/18860",0.02,13.4714285714286,5.91309780750164,0.00139615380404217,0.00982837650288495,0.00506726178451641,"TLR4/LCN2/SOD1",3
"GO:0050890","cognition","4/28","333/18860",0.012012012012012,8.09094809094809,5.03400908878165,0.00139815440047043,0.00982837650288495,0.00506726178451641,"LCN2/LGMN/MAPK1/GMFB",4
"GO:0120161","regulation of cold-induced thermogenesis","3/28","151/18860",0.0198675496688742,13.3822138126774,5.8904925133369,0.00142304321809263,0.00995218182559696,0.00513109267055482,"TLR4/LCN2/KDM6B",3
"GO:0010934","macrophage cytokine production","2/28","38/18860",0.0526315789473684,35.4511278195489,8.19695367780496,0.00144563505509872,0.00995218182559696,0.00513109267055482,"TLR4/CD74",2
"GO:0010935","regulation of macrophage cytokine production","2/28","38/18860",0.0526315789473684,35.4511278195489,8.19695367780496,0.00144563505509872,0.00995218182559696,0.00513109267055482,"TLR4/CD74",2
"GO:0032872","regulation of stress-activated MAPK cascade","2/28","38/18860",0.0526315789473684,35.4511278195489,8.19695367780496,0.00144563505509872,0.00995218182559696,0.00513109267055482,"TLR4/MAPK1",2
"GO:0070229","negative regulation of lymphocyte apoptotic process","2/28","38/18860",0.0526315789473684,35.4511278195489,8.19695367780496,0.00144563505509872,0.00995218182559696,0.00513109267055482,"CD74/BCL6",2
"GO:0034614","cellular response to reactive oxygen species","3/28","153/18860",0.0196078431372549,13.2072829131653,5.84591875374162,0.00147779708365876,0.0101317281538086,0.00522366220604526,"LCN2/KDM6B/SOD1",3
"GO:0106106","cold-induced thermogenesis","3/28","154/18860",0.0194805194805195,13.121521335807,5.82394344299793,0.00150566449239791,0.0102269609334533,0.00527276181316602,"TLR4/LCN2/KDM6B",3
"GO:2001235","positive regulation of apoptotic signaling pathway","3/28","154/18860",0.0194805194805195,13.121521335807,5.82394344299793,0.00150566449239791,0.0102269609334533,0.00527276181316602,"TLR4/SP1/SOD1",3
"GO:0043516","regulation of DNA damage response, signal transduction by p53 class mediator","2/28","39/18860",0.0512820512820513,34.5421245421245,8.0852163672537,0.00152238073919352,0.0102269609334533,0.00527276181316602,"CD74/DYRK1A",2
"GO:0045589","regulation of regulatory T cell differentiation","2/28","39/18860",0.0512820512820513,34.5421245421245,8.0852163672537,0.00152238073919352,0.0102269609334533,0.00527276181316602,"IRF1/BCL6",2
"GO:0150146","cell junction disassembly","2/28","39/18860",0.0512820512820513,34.5421245421245,8.0852163672537,0.00152238073919352,0.0102269609334533,0.00527276181316602,"EPHA4/IL1B",2
"GO:0022409","positive regulation of cell-cell adhesion","4/28","343/18860",0.0116618075801749,7.85506039150354,4.9404118540046,0.00155869550823648,0.0104288623161525,0.00537685704807004,"CD74/IL1B/RUNX3/BCL6",4
"GO:0070302","regulation of stress-activated protein kinase signaling cascade","2/28","40/18860",0.05,33.6785714285714,7.97762048518085,0.00160103723735195,0.0106268049299934,0.00547891124210187,"TLR4/MAPK1",2
"GO:0070498","interleukin-1-mediated signaling pathway","2/28","40/18860",0.05,33.6785714285714,7.97762048518085,0.00160103723735195,0.0106268049299934,0.00547891124210187,"IL1B/EGR1",2
"GO:0071456","cellular response to hypoxia","3/28","159/18860",0.0188679245283019,12.7088948787062,5.71705245802636,0.00164996473869762,0.0109081002169454,0.00562393996147559,"LCN2/EPHA4/PTGS2",3
"GO:0002478","antigen processing and presentation of exogenous peptide antigen","2/28","41/18860",0.0487804878048781,32.8571428571429,7.87391284669398,0.00168159911786038,0.0110297013006118,0.00568663439773755,"CD74/LGMN",2
"GO:0032728","positive regulation of interferon-beta production","2/28","41/18860",0.0487804878048781,32.8571428571429,7.87391284669398,0.00168159911786038,0.0110297013006118,0.00568663439773755,"TLR4/IRF1",2
"GO:0070482","response to oxygen levels","4/28","357/18860",0.0112044817927171,7.54701880752301,4.81555941194475,0.00180453578257548,0.0117896337794932,0.00607843632025426,"LCN2/EPHA4/PTGS2/EGR1",4
"GO:0014002","astrocyte development","2/28","43/18860",0.0465116279069767,31.328903654485,7.67725330401979,0.00184841735367724,0.0118898197344644,0.00613008965901496,"TLR4/IL1B",2
"GO:0014044","Schwann cell development","2/28","43/18860",0.0465116279069767,31.328903654485,7.67725330401979,0.00184841735367724,0.0118898197344644,0.00613008965901496,"MAPK1/SOD1",2
"GO:0032735","positive regulation of interleukin-12 production","2/28","43/18860",0.0465116279069767,31.328903654485,7.67725330401979,0.00184841735367724,0.0118898197344644,0.00613008965901496,"TLR4/IRF1",2
"GO:0045066","regulatory T cell differentiation","2/28","43/18860",0.0465116279069767,31.328903654485,7.67725330401979,0.00184841735367724,0.0118898197344644,0.00613008965901496,"IRF1/BCL6",2
"GO:0036294","cellular response to decreased oxygen levels","3/28","167/18860",0.0179640718562874,12.1000855431993,5.55565388413219,0.00189839796244162,0.0121643500208759,0.00627163051559661,"LCN2/EPHA4/PTGS2",3
"GO:0032309","icosanoid secretion","2/28","44/18860",0.0454545454545455,30.6168831168831,7.58389236521587,0.00193466290010694,0.0123492275539393,0.00636694868516741,"PTGS2/IL1B",2
"GO:0042092","type 2 immune response","2/28","45/18860",0.0444444444444444,29.9365079365079,7.49359794180431,0.00202279221109191,0.0128135810786278,0.00660635759155893,"CD74/BCL6",2
"GO:1900271","regulation of long-term synaptic potentiation","2/28","45/18860",0.0444444444444444,29.9365079365079,7.49359794180431,0.00202279221109191,0.0128135810786278,0.00660635759155893,"EPHA4/LGMN",2
"GO:1990845","adaptive thermogenesis","3/28","171/18860",0.0175438596491228,11.8170426065163,5.47903010467732,0.00203090571441882,0.0128162459099309,0.00660773151102774,"TLR4/LCN2/KDM6B",3
"GO:0032635","interleukin-6 production","3/28","177/18860",0.0169491525423729,11.4164648910412,5.36875769754191,0.00224027472206098,0.0140311943118556,0.00723412810922739,"TLR4/CD74/IL1B",3
"GO:0032675","regulation of interleukin-6 production","3/28","177/18860",0.0169491525423729,11.4164648910412,5.36875769754191,0.00224027472206098,0.0140311943118556,0.00723412810922739,"TLR4/CD74/IL1B",3
"GO:0006633","fatty acid biosynthetic process","3/28","181/18860",0.0165745856353591,11.1641673243883,5.29815189887924,0.00238704807399462,0.0147721117378002,0.00761612635246412,"CD74/PTGS2/IL1B",3
"GO:0050806","positive regulation of synaptic transmission","3/28","181/18860",0.0165745856353591,11.1641673243883,5.29815189887924,0.00238704807399462,0.0147721117378002,0.00761612635246412,"EPHA4/LGMN/MAPK1",3
"GO:0002673","regulation of acute inflammatory response","2/28","49/18860",0.0408163265306122,27.4927113702624,7.15992757810765,0.0023940397174106,0.0147721117378002,0.00761612635246412,"PTGS2/IL1B",2
"GO:1903426","regulation of reactive oxygen species biosynthetic process","2/28","49/18860",0.0408163265306122,27.4927113702624,7.15992757810765,0.0023940397174106,0.0147721117378002,0.00761612635246412,"TLR4/LCN2",2
"GO:0043409","negative regulation of MAPK cascade","3/28","183/18860",0.0163934426229508,11.0421545667447,5.26367432037665,0.00246262373256932,0.0150835703619871,0.00777670652390311,"TLR4/EPHA4/IL1B",3
"GO:0071453","cellular response to oxygen levels","3/28","183/18860",0.0163934426229508,11.0421545667447,5.26367432037665,0.00246262373256932,0.0150835703619871,0.00777670652390311,"LCN2/EPHA4/PTGS2",3
"GO:0014037","Schwann cell differentiation","2/28","50/18860",0.04,26.9428571428571,7.08269486031333,0.00249150740837358,0.0150940048812741,0.00778208629754199,"MAPK1/SOD1",2
"GO:0019884","antigen processing and presentation of exogenous antigen","2/28","50/18860",0.04,26.9428571428571,7.08269486031333,0.00249150740837358,0.0150940048812741,0.00778208629754199,"CD74/LGMN",2
"GO:0046636","negative regulation of alpha-beta T cell activation","2/28","50/18860",0.04,26.9428571428571,7.08269486031333,0.00249150740837358,0.0150940048812741,0.00778208629754199,"RUNX3/BCL6",2
"GO:0048538","thymus development","2/28","51/18860",0.0392156862745098,26.4145658263305,7.00769276113297,0.00259082676233471,0.0156388311088755,0.00806298488964579,"MAPK1/SOD1",2
"GO:0007254","JNK cascade","3/28","188/18860",0.0159574468085106,10.7484802431611,5.17977081513232,0.00265802772893408,0.0159865494455024,0.00824225964966828,"TLR4/EPHA4/IL1B",3
"GO:0051403","stress-activated MAPK cascade","2/28","52/18860",0.0384615384615385,25.9065934065934,6.9348140118398,0.00269199246672947,0.0160747650522269,0.00828774138031031,"TLR4/MAPK1",2
"GO:0140353","lipid export from cell","2/28","52/18860",0.0384615384615385,25.9065934065934,6.9348140118398,0.00269199246672947,0.0160747650522269,0.00828774138031031,"PTGS2/IL1B",2
"GO:0002460","adaptive immune response based on somatic recombination of immune receptors built from immunoglobulin superfamily domains","4/28","402/18860",0.00995024875621891,6.70220326936745,4.45608558723528,0.00277663152290013,0.0164539530036887,0.00848324107601565,"TLR4/CD74/IL1B/BCL6",4
"GO:0006575","modified amino acid metabolic process","3/28","191/18860",0.0157068062827225,10.5796559461481,5.13093119176663,0.00277975223341002,0.0164539530036887,0.00848324107601565,"CTSB/LPCAT3/SOD1",3
"GO:0010332","response to gamma radiation","2/28","53/18860",0.0377358490566038,25.4177897574124,6.86395844735716,0.00279499921971423,0.0164539530036887,0.00848324107601565,"CXCL10/EGR1",2
"GO:0071622","regulation of granulocyte chemotaxis","2/28","53/18860",0.0377358490566038,25.4177897574124,6.86395844735716,0.00279499921971423,0.0164539530036887,0.00848324107601565,"CD74/MAPK1",2
"GO:0042129","regulation of T cell proliferation","3/28","192/18860",0.015625,10.5245535714286,5.11489202575159,0.00282108132901682,0.0165490193455705,0.00853225487204494,"IRF1/IL1B/BCL6",3
"GO:0002548","monocyte chemotaxis","2/28","54/18860",0.037037037037037,24.9470899470899,6.79503241214654,0.00289984173014789,0.0169513555172856,0.00873968920332662,"CXCL10/LGMN",2
"GO:2001242","regulation of intrinsic apoptotic signaling pathway","3/28","195/18860",0.0153846153846154,10.3626373626374,5.06747522591319,0.0029473480030727,0.0171688173885284,0.0088518070316795,"CD74/PTGS2/SOD1",3
"GO:0072331","signal transduction by p53 class mediator","3/28","196/18860",0.0153061224489796,10.3097667638484,5.05189827206824,0.0029902005971644,0.01735774980793,0.00894921579785862,"CD74/FBXO31/DYRK1A",3
"GO:0042088","T-helper 1 type immune response","2/28","55/18860",0.0363636363636364,24.4935064935065,6.72794822574135,0.00300651471757362,0.0173918524981863,0.00896679828048273,"TLR4/IL1B",2
"GO:0031098","stress-activated protein kinase signaling cascade","2/28","56/18860",0.0357142857142857,24.0561224489796,6.66262370097507,0.00311501291220046,0.0178683692810225,0.0092124782544477,"TLR4/MAPK1",2
"GO:1902107","positive regulation of leukocyte differentiation","3/28","199/18860",0.0150753768844221,10.1543431442929,5.0058334102499,0.00312106570274763,0.0178683692810225,0.0092124782544477,"CD74/RUNX3/BCL6",3
"GO:1903708","positive regulation of hemopoiesis","3/28","199/18860",0.0150753768844221,10.1543431442929,5.0058334102499,0.00312106570274763,0.0178683692810225,0.0092124782544477,"CD74/RUNX3/BCL6",3
"GO:0042770","signal transduction in response to DNA damage","3/28","200/18860",0.015,10.1035714285714,4.9906958746283,0.00316546032709198,0.0180604688525179,0.00931151992396198,"CD74/FBXO31/DYRK1A",3
"GO:0002262","myeloid cell homeostasis","3/28","201/18860",0.0149253731343284,10.0533049040512,4.97566481700571,0.00321024330286561,0.0181913787162385,0.00937901373125077,"PDE4B/BCL6/SOD1",3
"GO:0070374","positive regulation of ERK1 and ERK2 cascade","3/28","201/18860",0.0149253731343284,10.0533049040512,4.97566481700571,0.00321024330286561,0.0181913787162385,0.00937901373125077,"TLR4/CD74/IL1B",3
"GO:0002697","regulation of immune effector process","4/28","421/18860",0.00950118764845606,6.39972853749576,4.32050404293369,0.00327819911493508,0.0185134905948537,0.00954508645062276,"TLR4/CD74/IL1B/BCL6",4
"GO:2000107","negative regulation of leukocyte apoptotic process","2/28","58/18860",0.0344827586206897,23.2266009852217,6.5369497849411,0.00333746389711385,0.018784509637134,0.0096848169987372,"CD74/BCL6",2
"GO:0000302","response to reactive oxygen species","3/28","205/18860",0.0146341463414634,9.85714285714286,4.91657961887358,0.00339328109522561,0.0190343646621073,0.00981363591601666,"LCN2/KDM6B/SOD1",3
"GO:0090181","regulation of cholesterol metabolic process","2/28","59/18860",0.0338983050847458,22.8329297820823,6.47645977232264,0.00345140620098389,0.0192954454055005,0.00994824252915172,"MAPK1/LPCAT3",2
"GO:0002520","immune system development","3/28","208/18860",0.0144230769230769,9.71497252747253,4.87332201974265,0.00353469152094978,0.0196949701468306,0.0101542273581941,"MAPK1/BCL6/SOD1",3
"GO:0060135","maternal process involved in female pregnancy","2/28","60/18860",0.0333333333333333,22.452380952381,6.41744749773339,0.00356715273918568,0.0197437756261905,0.0101793902261777,"PTGS2/CTSB",2
"GO:1902930","regulation of alcohol biosynthetic process","2/28","60/18860",0.0333333333333333,22.452380952381,6.41744749773339,0.00356715273918568,0.0197437756261905,0.0101793902261777,"MAPK1/LPCAT3",2
"GO:0043030","regulation of macrophage activation","2/28","61/18860",0.0327868852459016,22.0843091334895,6.35985247674893,0.00368469829498447,0.0202597602621918,0.0104454188247606,"TLR4/CD74",2
"GO:0071715","icosanoid transport","2/28","61/18860",0.0327868852459016,22.0843091334895,6.35985247674893,0.00368469829498447,0.0202597602621918,0.0104454188247606,"PTGS2/IL1B",2
"GO:0010574","regulation of vascular endothelial growth factor production","2/28","62/18860",0.032258064516129,21.7281105990783,6.30361764530892,0.00380403766220227,0.0207108717164346,0.0106780004553046,"PTGS2/IL1B",2
"GO:0032608","interferon-beta production","2/28","62/18860",0.032258064516129,21.7281105990783,6.30361764530892,0.00380403766220227,0.0207108717164346,0.0106780004553046,"TLR4/IRF1",2
"GO:0032648","regulation of interferon-beta production","2/28","62/18860",0.032258064516129,21.7281105990783,6.30361764530892,0.00380403766220227,0.0207108717164346,0.0106780004553046,"TLR4/IRF1",2
"GO:0070228","regulation of lymphocyte apoptotic process","2/28","63/18860",0.0317460317460317,21.3832199546485,6.24868911473951,0.00392516564519976,0.0212729820642864,0.0109678103016729,"CD74/BCL6",2
"GO:0009410","response to xenobiotic stimulus","4/28","443/18860",0.0090293453724605,6.08190906159303,4.17358662097944,0.00393282021356555,0.0212729820642864,0.0109678103016729,"LCN2/IL1B/PDE4B/SOD1",4
"GO:0009615","response to virus","4/28","445/18860",0.00898876404494382,6.0545746388443,4.16072374186491,0.00399642447580136,0.0215466338021012,0.0111088982008685,"LCN2/CXCL10/IRF1/IL1B",4
"GO:0031663","lipopolysaccharide-mediated signaling pathway","2/28","64/18860",0.03125,21.0491071428571,6.19501594789471,0.00404807705885815,0.0215466338021012,0.0111088982008685,"TLR4/MAPK1",2
"GO:0032615","interleukin-12 production","2/28","64/18860",0.03125,21.0491071428571,6.19501594789471,0.00404807705885815,0.0215466338021012,0.0111088982008685,"TLR4/IRF1",2
"GO:0032655","regulation of interleukin-12 production","2/28","64/18860",0.03125,21.0491071428571,6.19501594789471,0.00404807705885815,0.0215466338021012,0.0111088982008685,"TLR4/IRF1",2
"GO:0043370","regulation of CD4-positive, alpha-beta T cell differentiation","2/28","64/18860",0.03125,21.0491071428571,6.19501594789471,0.00404807705885815,0.0215466338021012,0.0111088982008685,"RUNX3/BCL6",2
"GO:0032869","cellular response to insulin stimulus","3/28","219/18860",0.0136986301369863,9.22700587084149,4.72192826013014,0.00408399344652637,0.0216685766939902,0.0111717688647855,"SP1/IL1B/MAPK1",3
"GO:0034762","regulation of transmembrane transport","4/28","450/18860",0.00888888888888889,5.98730158730159,4.12890715382465,0.00415849871909267,0.0219938376698679,0.0113394651788793,"LCN2/CXCL10/IL1B/PDE4B",4
"GO:0010573","vascular endothelial growth factor production","2/28","65/18860",0.0307692307692308,20.7252747252747,6.14254995429793,0.00417276672856122,0.0219994600309589,0.011342363925736,"PTGS2/IL1B",2
"GO:0032623","interleukin-2 production","2/28","66/18860",0.0303030303030303,20.4112554112554,6.09124550240626,0.00429922949017726,0.0224530292496405,0.0115762127173227,"IL1B/PDE4B",2
"GO:0032663","regulation of interleukin-2 production","2/28","66/18860",0.0303030303030303,20.4112554112554,6.09124550240626,0.00429922949017726,0.0224530292496405,0.0115762127173227,"IL1B/PDE4B",2
"GO:0032731","positive regulation of interleukin-1 beta production","2/28","66/18860",0.0303030303030303,20.4112554112554,6.09124550240626,0.00429922949017726,0.0224530292496405,0.0115762127173227,"TLR4/EGR1",2
"GO:0002819","regulation of adaptive immune response","3/28","224/18860",0.0133928571428571,9.02104591836735,4.65659839386314,0.00434993645036097,0.0225763056894124,0.0116397709247239,"IRF1/IL1B/BCL6",3
"GO:0042098","T cell proliferation","3/28","224/18860",0.0133928571428571,9.02104591836735,4.65659839386314,0.00434993645036097,0.0225763056894124,0.0116397709247239,"IRF1/IL1B/BCL6",3
"GO:0043434","response to peptide hormone","4/28","461/18860",0.00867678958785249,5.8444375581035,4.06056847575331,0.00453071059816267,0.0234343143182207,0.0120821384240021,"SP1/IL1B/MAPK1/EGR1",4
"GO:0038066","p38MAPK cascade","2/28","68/18860",0.0294117647058824,19.8109243697479,5.99195047253179,0.00455745368493609,0.0234343143182207,0.0120821384240021,"FBXO31/IL1B",2
"GO:0040014","regulation of multicellular organism growth","2/28","68/18860",0.0294117647058824,19.8109243697479,5.99195047253179,0.00455745368493609,0.0234343143182207,0.0120821384240021,"LGMN/SOD1",2
"GO:1905330","regulation of morphogenesis of an epithelium","2/28","69/18860",0.0289855072463768,19.5238095238095,5.94387994416596,0.00468920484207629,0.0240375854366126,0.0123931697202729,"LCN2/CXCL10",2
"GO:0048167","regulation of synaptic plasticity","3/28","231/18860",0.012987012987013,8.74768089053803,4.56849408108601,0.00473964921022339,0.0242216428964177,0.0124880650808598,"EPHA4/LGMN/MAPK1",3
"GO:0043123","positive regulation of canonical NF-kappaB signal transduction","3/28","232/18860",0.0129310344827586,8.70997536945813,4.55621271430062,0.00479699541432184,0.0244397381047712,0.0126005094417725,"TLR4/CD74/IL1B",3
"GO:0006695","cholesterol biosynthetic process","2/28","71/18860",0.028169014084507,18.9738430583501,5.85070781020938,0.00495795966399419,0.0248727489609024,0.0128237588627639,"MAPK1/LPCAT3",2
"GO:0070301","cellular response to hydrogen peroxide","2/28","71/18860",0.028169014084507,18.9738430583501,5.85070781020938,0.00495795966399419,0.0248727489609024,0.0128237588627639,"LCN2/KDM6B",2
"GO:0097192","extrinsic apoptotic signaling pathway in absence of ligand","2/28","71/18860",0.028169014084507,18.9738430583501,5.85070781020938,0.00495795966399419,0.0248727489609024,0.0128237588627639,"LCN2/IL1B",2
"GO:1902653","secondary alcohol biosynthetic process","2/28","71/18860",0.028169014084507,18.9738430583501,5.85070781020938,0.00495795966399419,0.0248727489609024,0.0128237588627639,"MAPK1/LPCAT3",2
"GO:0002285","lymphocyte activation involved in immune response","3/28","235/18860",0.0127659574468085,8.59878419452887,4.51980839352638,0.00497156386793548,0.0248727489609024,0.0128237588627639,"TLR4/CD74/BCL6",3
"GO:0071674","mononuclear cell migration","3/28","235/18860",0.0127659574468085,8.59878419452887,4.51980839352638,0.00497156386793548,0.0248727489609024,0.0128237588627639,"CXCL10/LGMN/MAPK1",3
"GO:0072330","monocarboxylic acid biosynthetic process","3/28","237/18860",0.0126582278481013,8.52622061482821,4.4958976836035,0.0050900601139519,0.0251875130264394,0.012986043235973,"CD74/PTGS2/IL1B",3
"GO:0072593","reactive oxygen species metabolic process","3/28","237/18860",0.0126582278481013,8.52622061482821,4.4958976836035,0.0050900601139519,0.0251875130264394,0.012986043235973,"TLR4/LCN2/SOD1",3
"GO:0048002","antigen processing and presentation of peptide antigen","2/28","72/18860",0.0277777777777778,18.7103174603175,5.80553759399263,0.00509495311519212,0.0251875130264394,0.012986043235973,"CD74/LGMN",2
"GO:0060760","positive regulation of response to cytokine stimulus","2/28","72/18860",0.0277777777777778,18.7103174603175,5.80553759399263,0.00509495311519212,0.0251875130264394,0.012986043235973,"TLR4/CD74",2
"GO:0043583","ear development","3/28","238/18860",0.0126050420168067,8.49039615846339,4.4840477448836,0.00514994611035684,0.025384053904895,0.0130873747307729,"EPHA4/MAPK1/SOD1",3
"GO:0097191","extrinsic apoptotic signaling pathway","3/28","239/18860",0.0125523012552301,8.45487148834429,4.47226711569231,0.00521025853703914,0.0256055773531186,0.0132015866052599,"TLR4/LCN2/IL1B",3
"GO:0038034","signal transduction in absence of ligand","2/28","73/18860",0.0273972602739726,18.454011741683,5.76126828303454,0.00523368380144004,0.0256450506270562,0.0132219380246906,"LCN2/IL1B",2
"GO:0071479","cellular response to ionizing radiation","2/28","75/18860",0.0266666666666667,17.9619047619048,5.67531244074596,0.0055163365658062,0.0269507821660796,0.0138951401071087,"LCN2/EGR1",2
"GO:0002443","leukocyte mediated immunity","4/28","488/18860",0.00819672131147541,5.52107728337237,3.90178870099714,0.00553887565673419,0.0269817743980092,0.0139111189162669,"TLR4/CD74/IL1B/BCL6",4
"GO:2001234","negative regulation of apoptotic signaling pathway","3/28","245/18860",0.0122448979591837,8.24781341107872,4.40299963386331,0.00558113689512621,0.0271083792048987,0.0139763931453828,"CD74/PTGS2/IL1B",3
"GO:0009743","response to carbohydrate","3/28","247/18860",0.0121457489878543,8.18102949681897,4.3804338040225,0.00570821356727199,0.027645011055451,0.0142530669244001,"LCN2/IL1B/EGR1",3
"GO:0016126","sterol biosynthetic process","2/28","77/18860",0.025974025974026,17.4953617810761,5.59261407778314,0.00580587743366319,0.0279554676430141,0.0144131304711566,"MAPK1/LPCAT3",2
"GO:0032732","positive regulation of interleukin-1 production","2/28","77/18860",0.025974025974026,17.4953617810761,5.59261407778314,0.00580587743366319,0.0279554676430141,0.0144131304711566,"TLR4/EGR1",2
"GO:0006879","intracellular iron ion homeostasis","2/28","78/18860",0.0256410256410256,17.2710622710623,5.55242132573701,0.00595321828785528,0.0285823102811726,0.0147363146455025,"LCN2/SOD1",2
"GO:0043536","positive regulation of blood vessel endothelial cell migration","2/28","80/18860",0.025,16.8392857142857,5.47422842660509,0.00625301568944973,0.0299354141914461,0.0154339407216908,"SP1/PTGS2",2
"GO:0046637","regulation of alpha-beta T cell differentiation","2/28","82/18860",0.024390243902439,16.4285714285714,5.39881066929485,0.00655960060489715,0.0313131650652111,0.0161442741474772,"RUNX3/BCL6",2
"GO:0097061","dendritic spine organization","2/28","83/18860",0.0240963855421687,16.2306368330465,5.36209036814173,0.00671542588965549,0.0319654272347601,0.0164805639878463,"EPHA4/LGMN",2
"GO:0002703","regulation of leukocyte mediated immunity","3/28","264/18860",0.0113636363636364,7.65422077922078,4.19835853430797,0.00685912264698613,0.0324371289480733,0.0167237614340227,"TLR4/IL1B/BCL6",3
"GO:0048678","response to axon injury","2/28","84/18860",0.0238095238095238,16.0374149659864,5.32600306961864,0.00687293308443569,0.0324371289480733,0.0167237614340227,"EPHA4/SOD1",2
"GO:0070373","negative regulation of ERK1 and ERK2 cascade","2/28","84/18860",0.0238095238095238,16.0374149659864,5.32600306961864,0.00687293308443569,0.0324371289480733,0.0167237614340227,"TLR4/EPHA4",2
"GO:0032370","positive regulation of lipid transport","2/28","85/18860",0.0235294117647059,15.8487394957983,5.29053024253575,0.0070321172209255,0.0330014289860898,0.0170147002291333,"IL1B/LPCAT3",2
"GO:0070227","lymphocyte apoptotic process","2/28","85/18860",0.0235294117647059,15.8487394957983,5.29053024253575,0.0070321172209255,0.0330014289860898,0.0170147002291333,"CD74/BCL6",2
"GO:2000514","regulation of CD4-positive, alpha-beta T cell activation","2/28","86/18860",0.0232558139534884,15.6644518272425,5.25565410959381,0.00719297334094264,0.033661498837108,0.0173550155121502,"RUNX3/BCL6",2
"GO:0002224","toll-like receptor signaling pathway","2/28","88/18860",0.0227272727272727,15.3084415584416,5.18762435461836,0.007519681749375,0.03509184816375,0.0180924673669173,"TLR4/IRF1",2
"GO:0070098","chemokine-mediated signaling pathway","2/28","89/18860",0.0224719101123595,15.1364365971108,5.15443860815877,0.00768552417191865,0.0357655957274203,0.0184398345318601,"CXCL10/MAPK1",2
"GO:0002699","positive regulation of immune effector process","3/28","276/18860",0.0108695652173913,7.32142857142857,4.07934372852241,0.0077491347124733,0.0359611655459067,0.0185406653727553,"TLR4/CD74/IL1B",3
"GO:0098869","cellular oxidant detoxification","2/28","90/18860",0.0222222222222222,14.968253968254,5.1217852404356,0.00785301884621173,0.0363420261049687,0.0187370274225403,"PTGS2/SOD1",2
"GO:0048762","mesenchymal cell differentiation","3/28","278/18860",0.0107913669064748,7.26875642343268,4.06020244731526,0.00790381776001987,0.0364757905490114,0.0188059929790821,"EPHA4/IL1B/MAPK1",3
"GO:0032481","positive regulation of type I interferon production","2/28","91/18860",0.021978021978022,14.8037676609105,5.08964970435077,0.00802216086446071,0.0369196685088164,0.0190348452032566,"TLR4/IRF1",2
"GO:0031669","cellular response to nutrient levels","3/28","282/18860",0.0106382978723404,7.16565349544073,4.02248387819747,0.00821867278104736,0.0377198590997931,0.0194474031878633,"LCN2/SP1/MAPK1",3
"GO:0106027","neuron projection organization","2/28","93/18860",0.021505376344086,14.4854070660522,5.02687667679582,0.00836536735176344,0.038287642879225,0.0197401381117379,"EPHA4/LGMN",2
"GO:1904062","regulation of monoatomic cation transmembrane transport","3/28","288/18860",0.0104166666666667,7.01636904761905,3.96726762156638,0.00870475377826012,0.0397318350536476,0.0204847269879171,"LCN2/CXCL10/PDE4B",3
"GO:2000106","regulation of leukocyte apoptotic process","2/28","97/18860",0.0206185567010309,13.8880706921944,4.90696274360226,0.00907133362165467,0.0412919175237068,0.0212890659628134,"CD74/BCL6",2
"GO:1990868","response to chemokine","2/28","98/18860",0.0204081632653061,13.7463556851312,4.87808797514699,0.00925187046936159,0.0418848266357511,0.0215947548712788,"CXCL10/MAPK1",2
"GO:1990869","cellular response to chemokine","2/28","98/18860",0.0204081632653061,13.7463556851312,4.87808797514699,0.00925187046936159,0.0418848266357511,0.0215947548712788,"CXCL10/MAPK1",2
"GO:0048511","rhythmic process","3/28","302/18860",0.00993377483443709,6.6911069063387,3.84436622694433,0.00990400771025587,0.0447156554072799,0.0230542584269542,"SP1/EGR1/DYRK1A",3
"GO:0120162","positive regulation of cold-induced thermogenesis","2/28","102/18860",0.0196078431372549,13.2072829131653,4.76667951203375,0.00999005413855747,0.044982243769829,0.0231917046289129,"LCN2/KDM6B",2
"GO:0040029","epigenetic regulation of gene expression","3/28","305/18860",0.00983606557377049,6.62529274004684,3.81904425986206,0.0101729522456818,0.0454625275891504,0.0234393267913987,"EGR1/BCL6/DYRK1A",3
"GO:0009408","response to heat","2/28","103/18860",0.0194174757281553,13.0790568654646,4.73980060604144,0.0101785851084953,0.0454625275891504,0.0234393267913987,"CXCL10/SOD1",2
"GO:0071346","cellular response to type II interferon","2/28","103/18860",0.0194174757281553,13.0790568654646,4.73980060604144,0.0101785851084953,0.0454625275891504,0.0234393267913987,"TLR4/IRF1",2
"GO:1905954","positive regulation of lipid localization","2/28","104/18860",0.0192307692307692,12.9532967032967,4.71329237154953,0.010368700527149,0.0461878478027547,0.0238132835073279,"IL1B/LPCAT3",2
"GO:0048534","hematopoietic or lymphoid organ development","2/28","106/18860",0.0188679245283019,12.7088948787062,4.66135315066714,0.0107536656444045,0.0477749519028742,0.0246315541497096,"MAPK1/SOD1",2
"GO:0002312","B cell activation involved in immune response","2/28","107/18860",0.0186915887850467,12.5901201602136,4.63590549110494,0.0109485058343548,0.0485111987234976,0.0250111443472383,"TLR4/BCL6",2
