"metabolite","display_name","category","group1","group2","fold_change","log2FC","p_value","p_adj"
"(2R)-3-Hydroxyisovaleroylcarnitine","Carnitine","aging_related","3 weeks","16 weeks",0.775194412871253,-0.367369922163244,7.34858112035657e-11,3.52731893777115e-10
"(2R)-3-Hydroxyisovaleroylcarnitine","Carnitine","aging_related","3 weeks","59 weeks",0.68097314147471,-0.554330197421502,2.06044340757018e-20,2.62706534465198e-19
"(2R)-3-Hydroxyisovaleroylcarnitine","Carnitine","aging_related","16 weeks","59 weeks",0.878454656235775,-0.186960275258258,0.00021817103951938,0.000563378380531056
"Acetyl-choline","Choline","lipid_signaling","3 weeks","16 weeks",1.55807708157436,0.639766608530679,6.99077036448169e-07,2.31888968187685e-06
"Acetyl-choline","Choline","lipid_signaling","3 weeks","59 weeks",1.44022191019861,0.526291120054701,0.000184387806862686,0.000479173408917045
"Acetyl-choline","Choline","lipid_signaling","16 weeks","59 weeks",0.924358574572789,-0.113475488475978,0.375682679533224,0.465892198326916
"Butyrylcarnitine or Isobutyrylcarnitine","Carnitine","aging_related","3 weeks","16 weeks",1.51003108792176,0.594578251490005,5.47111797178315e-08,2.01100552476354e-07
"Butyrylcarnitine or Isobutyrylcarnitine","Carnitine","aging_related","3 weeks","59 weeks",1.20902176719419,0.273840219062156,0.0161136827503527,0.029614335865513
"Butyrylcarnitine or Isobutyrylcarnitine","Carnitine","aging_related","16 weeks","59 weeks",0.80066018300203,-0.320738032427849,0.00362662836407117,0.00770658527365124
"β-Nicotinamide adenine dinucleotide","NAM","aging_related","3 weeks","16 weeks",1.78705045150931,0.837580364717873,2.15071629455848e-07,7.43637498457507e-07
"β-Nicotinamide adenine dinucleotide","NAM","aging_related","3 weeks","59 weeks",1.7655505825732,0.820118154534014,0.000149637518676796,0.00039135966423162
"β-Nicotinamide adenine dinucleotide","NAM","aging_related","16 weeks","59 weeks",0.987969075569213,-0.0174622101838587,0.925335843712717,0.946208080788944
"1-Methylnicotinamide","NAM","aging_related","3 weeks","16 weeks",0.664755395865622,-0.589104512301253,2.6173045605194e-05,7.41569625480497e-05
"1-Methylnicotinamide","NAM","aging_related","3 weeks","59 weeks",0.841024559761224,-0.249780163933258,0.0650763874433078,0.100955004094561
"1-Methylnicotinamide","NAM","aging_related","16 weeks","59 weeks",1.26516394600464,0.339324348367994,0.0121459331174647,0.0229423181107666
"3-Dehydrocarnitine","Carnitine","aging_related","3 weeks","16 weeks",0.837835377209406,-0.255261292269204,0.000271682689721887,0.000680040106788526
"3-Dehydrocarnitine","Carnitine","aging_related","3 weeks","59 weeks",0.84791743227336,-0.238004308694824,0.00101297891559375,0.00232188425596769
"3-Dehydrocarnitine","Carnitine","aging_related","16 weeks","59 weeks",1.01203345590101,0.0172569835743801,0.80501879552439,0.850900695787438
"3-Hydroxybutyrylcarnitine","Carnitine","aging_related","3 weeks","16 weeks",1.55696653935826,0.638737939907876,6.23259749155533e-22,9.08178491626633e-21
"3-Hydroxybutyrylcarnitine","Carnitine","aging_related","3 weeks","59 weeks",1.29721330315153,0.375415724074661,2.7485581389664e-08,1.0680111625698e-07
"3-Hydroxybutyrylcarnitine","Carnitine","aging_related","16 weeks","59 weeks",0.833167104340089,-0.263322215833215,5.78308245188187e-05,0.000159425516241068
"4-Hydroxynonenal alkyne","4-HNE","lipid_peroxidation","3 weeks","16 weeks",0.727693232485827,-0.458597701117195,0.0102096795625136,0.0196488172712527
"4-Hydroxynonenal alkyne","4-HNE","lipid_peroxidation","3 weeks","59 weeks",0.75520039463414,-0.405068576299145,0.0221954444369292,0.0393727883924657
"4-Hydroxynonenal alkyne","4-HNE","lipid_peroxidation","16 weeks","59 weeks",1.03780049191106,0.0535291248180504,0.514307191114038,0.602980844754389
"5'-Methylthioadenosine","Adenosine","aging_related","3 weeks","16 weeks",0.685902564008677,-0.543924446193924,2.53237131199095e-22,3.97387498189349e-21
"5'-Methylthioadenosine","Adenosine","aging_related","3 weeks","59 weeks",0.625526274916464,-0.676857609544156,2.9830853406293e-27,8.11399212651171e-26
"5'-Methylthioadenosine","Adenosine","aging_related","16 weeks","59 weeks",0.911975414205553,-0.132933163350232,0.0244552741798211,0.0426399652366112
"5'-Methylthioadenosine isomer","Adenosine","aging_related","3 weeks","16 weeks",0.621078567153241,-0.687152312314874,4.00801673597948e-26,9.08483793488682e-25
"5'-Methylthioadenosine isomer","Adenosine","aging_related","3 weeks","59 weeks",0.568450512895329,-0.814893335757675,1.64627546449566e-29,6.10618535922027e-28
"5'-Methylthioadenosine isomer","Adenosine","aging_related","16 weeks","59 weeks",0.915263451290653,-0.127741023442801,0.045237905378958,0.0726656117898223
"Adenosine","Adenosine","aging_related","3 weeks","16 weeks",7.16900632777991,2.84177316560354,4.26775144601678e-23,7.25517745822852e-22
"Adenosine","Adenosine","aging_related","3 weeks","59 weeks",6.48909055890832,2.69801629978223,1.59339671459253e-19,1.80584960987154e-18
"Adenosine","Adenosine","aging_related","16 weeks","59 weeks",0.905158994456886,-0.14375686582131,0.356228466193991,0.447203736021995
"Adenosine isomer","Adenosine","aging_related","3 weeks","16 weeks",7.94123201942641,2.9893628474731,1.24933167073758e-23,2.31694237118606e-22
"Adenosine isomer","Adenosine","aging_related","3 weeks","59 weeks",7.24169811821963,2.85632803701499,1.29332032510044e-19,1.50764197897423e-18
"Adenosine isomer","Adenosine","aging_related","16 weeks","59 weeks",0.911911161958809,-0.13303481045811,0.397482329940467,0.487005377224356
"Adenosine monophosphate","Adenosine","aging_related","3 weeks","16 weeks",1.15916027605444,0.213080060289366,0.0183728470837913,0.0330225621594135
"Adenosine monophosphate","Adenosine","aging_related","3 weeks","59 weeks",0.840322794389963,-0.250984476031265,0.0131633504087907,0.024749525192565
"Adenosine monophosphate","Adenosine","aging_related","16 weeks","59 weeks",0.724940986806639,-0.464064536320631,2.19734743740934e-06,7.05919491703159e-06
"Arginine isomer","Arginine","polyamine_metabolism","3 weeks","16 weeks",0.891410815490965,-0.165837629605943,0.0276218233358057,0.0473516971470955
"Arginine isomer","Arginine","polyamine_metabolism","3 weeks","59 weeks",0.985662617306872,-0.0208341842192541,0.778618314944447,0.831613278788834
"Arginine isomer","Arginine","polyamine_metabolism","16 weeks","59 weeks",1.10573329398522,0.145003445386689,0.0359983053161022,0.05937677190567
"Carnitine","Carnitine","aging_related","3 weeks","16 weeks",0.870705052169825,-0.199744000443627,0.000114656230321811,0.000303764558255187
"Carnitine","Carnitine","aging_related","3 weeks","59 weeks",0.807175512706696,-0.309045686836151,2.45574545116731e-09,1.05467804639607e-08
"Carnitine","Carnitine","aging_related","16 weeks","59 weeks",0.927036670678767,-0.109301686392524,0.0476069717844805,0.0755783832220547
"Carnosine","Carnosine","antioxidant_defense","3 weeks","16 weeks",1.12254579789806,0.166774305592323,0.580703856558399,0.658131037432853
"Carnosine","Carnosine","antioxidant_defense","3 weeks","59 weeks",1.1418632777002,0.191389918308185,0.520367725721853,0.608338200843886
"Carnosine","Carnosine","antioxidant_defense","16 weeks","59 weeks",1.01720863401593,0.0246156127158622,0.932759818081927,0.949042408422509
"Carnosine isomer B","Carnosine","antioxidant_defense","3 weeks","16 weeks",0.717036354609815,-0.479881827723548,0.0589688528986457,0.092181195335814
"Carnosine isomer B","Carnosine","antioxidant_defense","3 weeks","59 weeks",0.716435848552282,-0.481090567118694,0.0622543251390353,0.0969456666287267
"Carnosine isomer B","Carnosine","antioxidant_defense","16 weeks","59 weeks",0.999162516581382,-0.00120873939514577,0.99548589452901,0.99548589452901
"Choline","Choline","lipid_signaling","3 weeks","16 weeks",0.832018246592828,-0.265312927121558,4.29481000239505e-11,2.1111837120207e-10
"Choline","Choline","lipid_signaling","3 weeks","59 weeks",0.828112405212771,-0.272101487263521,1.22044697489904e-12,7.113462367983e-12
"Choline","Choline","lipid_signaling","16 weeks","59 weeks",0.995305582063794,-0.00678856014196235,0.86953192116809,0.902720162434047
"2’-deoxyadenosine","Adenosine","aging_related","3 weeks","16 weeks",12.288247842961,3.61920731422027,8.28486027837027e-09,3.31394411134811e-08
"2’-deoxyadenosine","Adenosine","aging_related","3 weeks","59 weeks",8.50265355037095,3.08791315495939,2.6406434586401e-13,1.73771375987929e-12
"2’-deoxyadenosine","Adenosine","aging_related","16 weeks","59 weeks",0.691933761349182,-0.531294159260877,0.068692635316888,0.106161345489736
"Cysteine-glutathione disulfide","GSSG","lipid_peroxidation","3 weeks","16 weeks",1.23584302622243,0.305495507261396,0.0055082762164659,0.0113503873551418
"Cysteine-glutathione disulfide","GSSG","lipid_peroxidation","3 weeks","59 weeks",1.5311841112025,0.614647764450497,7.86263673693788e-09,3.17619385016896e-08
"Cysteine-glutathione disulfide","GSSG","lipid_peroxidation","16 weeks","59 weeks",1.23897944861399,0.309152257189102,0.00329872032960783,0.00708356786568418
"Cytidine 5'-diphosphate ethanolamine","Ethanolamine","lipid_signaling","3 weeks","16 weeks",0.847503776330529,-0.238708298223998,5.8175795475882e-09,2.44698191279998e-08
"Cytidine 5'-diphosphate ethanolamine","Ethanolamine","lipid_signaling","3 weeks","59 weeks",0.761746683695868,-0.392616780810442,3.33943733038651e-18,3.40622607699423e-17
"Cytidine 5'-diphosphate ethanolamine","Ethanolamine","lipid_signaling","16 weeks","59 weeks",0.898812140984236,-0.153908482586445,0.00167684748733167,0.00371822703712674
"Cytidine 5'-diphosphocholine","Choline","lipid_signaling","3 weeks","16 weeks",0.79663298266779,-0.328012882639201,8.70910992953128e-14,6.46057609317957e-13
"Cytidine 5'-diphosphocholine","Choline","lipid_signaling","3 weeks","59 weeks",0.706265105925691,-0.50171827511144,4.48348079950716e-24,8.71076269618534e-23
"Cytidine 5'-diphosphocholine","Choline","lipid_signaling","16 weeks","59 weeks",0.886562722472936,-0.173705392472239,0.000703664301008329,0.00167998258808056
"Erythro-Sphinganine","Sphinganine","lipid_signaling","3 weeks","16 weeks",0.583474967199301,-0.777257333508519,1.72432415933316e-20,2.26943308712235e-19
"Erythro-Sphinganine","Sphinganine","lipid_signaling","3 weeks","59 weeks",0.550543691225302,-0.861071034071652,6.99274883509678e-23,1.14121660988779e-21
"Erythro-Sphinganine","Sphinganine","lipid_signaling","16 weeks","59 weeks",0.943560087706813,-0.0838137005631325,0.0143284906456794,0.0265728371974417
"Erythro-Sphinganine-1-phosphate","Sphinganine","lipid_signaling","3 weeks","16 weeks",1.14446812784079,0.194677286007362,0.258673343059494,0.34044749667185
"Erythro-Sphinganine-1-phosphate","Sphinganine","lipid_signaling","3 weeks","59 weeks",0.747378594364093,-0.420088850739226,0.0242479574412688,0.0424599426439386
"Erythro-Sphinganine-1-phosphate","Sphinganine","lipid_signaling","16 weeks","59 weeks",0.653035743139596,-0.614766136746589,5.10682241375053e-05,0.000141740377197974
"Erythro-Sphingosine-1-phosphate","Sphingosine","lipid_signaling","3 weeks","16 weeks",2.93266116828327,1.55221039565149,1.65133342845397e-18,1.77301062844532e-17
"Erythro-Sphingosine-1-phosphate","Sphingosine","lipid_signaling","3 weeks","59 weeks",2.92580037676733,1.5488313397866,1.64808010851315e-19,1.81734238992802e-18
"Erythro-Sphingosine-1-phosphate","Sphingosine","lipid_signaling","16 weeks","59 weeks",0.997660557724791,-0.0033790558648943,0.977838203118408,0.982655140079582
"Ergothioneine","Ergothioneine","antioxidant_defense","3 weeks","16 weeks",3.46236697885484,1.79175864513067,1.32397479287543e-39,5.40181715493177e-37
"Ergothioneine","Ergothioneine","antioxidant_defense","3 weeks","59 weeks",3.2631020080392,1.70624408831607,1.96209474607495e-30,1.00066832049822e-28
"Ergothioneine","Ergothioneine","antioxidant_defense","16 weeks","59 weeks",0.942448338944836,-0.0855145568145981,0.343270025712837,0.43630582707426
"Ethyldiethanolamine","Ethanolamine","lipid_signaling","3 weeks","16 weeks",1.34348542519566,0.425980670355916,0.0134141113362382,0.0251053092898403
"Ethyldiethanolamine","Ethanolamine","lipid_signaling","3 weeks","59 weeks",1.26022886705461,0.333685761805201,0.105291280896797,0.15851971441289
"Ethyldiethanolamine","Ethanolamine","lipid_signaling","16 weeks","59 weeks",0.938029429586906,-0.092294908550715,0.681570273067228,0.753606155586529
"Glutathione (oxidized)","GSH (reduced)","antioxidant_defense","3 weeks","16 weeks",1.05284353360156,0.0742910488330129,0.296501498615871,0.381617070773739
"Glutathione (oxidized)","GSH (reduced)","antioxidant_defense","3 weeks","59 weeks",1.01342598649198,0.0192407283508697,0.790384460591466,0.8419761355648
"Glutathione (oxidized)","GSH (reduced)","antioxidant_defense","16 weeks","59 weeks",0.962560868874093,-0.0550503204821431,0.407434025670715,0.496218156637766
"Glutathione (reduced)","GSH (reduced)","antioxidant_defense","3 weeks","16 weeks",1.22805688195061,0.296377385958501,0.000120070801118093,0.000316057334556011
"Glutathione (reduced)","GSH (reduced)","antioxidant_defense","3 weeks","59 weeks",0.86885993234647,-0.20280447388493,0.0201020724661157,0.0359721296762071
"Glutathione (reduced)","GSH (reduced)","antioxidant_defense","16 weeks","59 weeks",0.707507889183762,-0.499181859843431,2.09846491618144e-10,9.84107684829915e-10
"Glycerophosphocholine isomer A","Choline","lipid_signaling","3 weeks","16 weeks",1.90731540656074,0.931543437177202,2.52591102679691e-36,3.4352389964438e-34
"Glycerophosphocholine isomer A","Choline","lipid_signaling","3 weeks","59 weeks",1.81027981227461,0.85621270978414,3.0646105062778e-30,1.38929009617927e-28
"Glycerophosphocholine isomer A","Choline","lipid_signaling","16 weeks","59 weeks",0.949124516085618,-0.0753307273930622,0.149326764807461,0.211546250143904
"Glycerophosphocholine isomer B","Choline","lipid_signaling","3 weeks","16 weeks",0.99389703699541,-0.00883169170149947,0.889045316188862,0.92063575889608
"Glycerophosphocholine isomer B","Choline","lipid_signaling","3 weeks","59 weeks",0.943032532137907,-0.0846205539504373,0.140842706481812,0.201186910189146
"Glycerophosphocholine isomer B","Choline","lipid_signaling","16 weeks","59 weeks",0.948823164810644,-0.0757888622489378,0.246752488545153,0.329003318060204
"Hexanoyl-carnitine","Carnitine","aging_related","3 weeks","16 weeks",2.25812037073344,1.17512239205938,7.04089106203186e-05,0.000191512236887267
"Hexanoyl-carnitine","Carnitine","aging_related","3 weeks","59 weeks",1.34714520393022,0.429905362084421,0.126151037299748,0.183165918926324
"Hexanoyl-carnitine","Carnitine","aging_related","16 weeks","59 weeks",0.596578119302235,-0.745217029974955,0.0069174794631073,0.0137674713216965
"Homoarginine","Arginine","polyamine_metabolism","3 weeks","16 weeks",0.633317538409614,-0.658999062494842,3.58109124606039e-23,6.35254447127234e-22
"Homoarginine","Arginine","polyamine_metabolism","3 weeks","59 weeks",0.620129787009392,-0.689357906033984,7.49696507387014e-09,3.05876175013902e-08
"Homoarginine","Arginine","polyamine_metabolism","16 weeks","59 weeks",0.979176715311977,-0.030358843539142,0.838218576346504,0.881413536195708
"Homocysteine","Cysteine","antioxidant_defense","3 weeks","16 weeks",1.04357001946846,0.0615274029423301,0.148008018003585,0.2104086109598
"Homocysteine","Cysteine","antioxidant_defense","3 weeks","59 weeks",1.0107697082321,0.0154543339004988,0.713991408648458,0.774756634916411
"Homocysteine","Cysteine","antioxidant_defense","16 weeks","59 weeks",0.968569132282025,-0.0460730690418311,0.314403800946622,0.402121475818876
"Inosine 5'-monophosphate isomer","Inosine","aging_related","3 weeks","16 weeks",0.60076319866781,-0.73513165541333,7.25650487543524e-11,3.52458808235426e-10
"Inosine 5'-monophosphate isomer","Inosine","aging_related","3 weeks","59 weeks",0.500788909505913,-0.997725482253392,3.66757975857378e-15,2.9927450829962e-14
"Inosine 5'-monophosphate isomer","Inosine","aging_related","16 weeks","59 weeks",0.833587860601998,-0.262593826840061,0.0299678287325601,0.0503163544151626
"Isovaleryl-carnitine","Carnitine","aging_related","3 weeks","16 weeks",0.615054571846826,-0.701213672988445,1.21070128541911e-13,8.66607235878943e-13
"Isovaleryl-carnitine","Carnitine","aging_related","3 weeks","59 weeks",0.50805610916015,-0.976940259431249,1.19464566551607e-19,1.43357479861928e-18
"Isovaleryl-carnitine","Carnitine","aging_related","16 weeks","59 weeks",0.826034196664222,-0.275726586442804,1.37483237442409e-05,4.03547919974842e-05
"Diethanolamine","Ethanolamine","lipid_signaling","3 weeks","16 weeks",0.928374205100296,-0.107221656964637,0.203087898896084,0.278053230703363
"Diethanolamine","Ethanolamine","lipid_signaling","3 weeks","59 weeks",1.07350420947175,0.102327848366793,0.236752717881166,0.317747068735248
"Diethanolamine","Ethanolamine","lipid_signaling","16 weeks","59 weeks",1.15632705386916,0.20954950533143,0.0179563441031683,0.0324167628057198
"Malonyl-carnitine","Carnitine","aging_related","3 weeks","16 weeks",1.32928233664355,0.410647562413118,8.76947099097405e-06,2.71056376084652e-05
"Malonyl-carnitine","Carnitine","aging_related","3 weeks","59 weeks",1.38409369641275,0.468941609719266,4.86470137684625e-07,1.65399846812773e-06
"Malonyl-carnitine","Carnitine","aging_related","16 weeks","59 weeks",1.04123379831225,0.0582940473061474,0.563450977917658,0.645546825393822
"Methacholine cation","Choline","lipid_signaling","3 weeks","16 weeks",1.45971895801014,0.54569063149278,9.35125965465824e-08,3.37638401690315e-07
"Methacholine cation","Choline","lipid_signaling","3 weeks","59 weeks",1.91671467177786,0.938635588832495,7.52328192578016e-14,5.6842574550339e-13
"Methacholine cation","Choline","lipid_signaling","16 weeks","59 weeks",1.31307102730972,0.392944957339715,0.000865611063848029,0.00204144112167628
"Methionine","Methionine","antioxidant_defense","3 weeks","16 weeks",0.814094127992031,-0.296732482046547,1.85792674770438e-08,7.2887895486864e-08
"Methionine","Methionine","antioxidant_defense","3 weeks","59 weeks",0.763342726664718,-0.389597149172878,5.07550487818405e-13,3.09075520940163e-12
"Methionine","Methionine","antioxidant_defense","16 weeks","59 weeks",0.937659050001391,-0.0928646671263303,0.0799356478673515,0.122148855168088
"N,N-Dimethylarginine","Arginine","polyamine_metabolism","3 weeks","16 weeks",0.755290164610133,-0.404897094658898,3.67069619124232e-13,2.37721277147122e-12
"N,N-Dimethylarginine","Arginine","polyamine_metabolism","3 weeks","59 weeks",0.810298990409758,-0.303473751840915,4.56370108556204e-08,1.69271822082665e-07
"N,N-Dimethylarginine","Arginine","polyamine_metabolism","16 weeks","59 weeks",1.07283138107329,0.101423342817983,0.0517199518794048,0.0811605398722968
"N,N-Dimethylsphingosine","Sphingosine","lipid_signaling","3 weeks","16 weeks",0.315016246608402,-1.66650185898292,4.15005726217541e-10,1.88135929218619e-09
"N,N-Dimethylsphingosine","Sphingosine","lipid_signaling","3 weeks","59 weeks",0.24852706075712,-2.00852514734699,1.0391823216564e-13,7.57118548635381e-13
"N,N-Dimethylsphingosine","Sphingosine","lipid_signaling","16 weeks","59 weeks",0.788934105567149,-0.342023288364072,0.272760890144308,0.354415424136553
"N-α-Acetyl-ornithine","Ornithine","polyamine_metabolism","3 weeks","16 weeks",0.598543520059377,-0.740471945644738,1.72093970939701e-28,5.4011030879537e-27
"N-α-Acetyl-ornithine","Ornithine","polyamine_metabolism","3 weeks","59 weeks",0.538570975121645,-0.892791613240112,6.17191451862929e-35,6.29535280900188e-33
"N-α-Acetyl-ornithine","Ornithine","polyamine_metabolism","16 weeks","59 weeks",0.899802532434429,-0.152319667595374,0.000984643184448712,0.00226968598449195
"N5-(1-Imino-3-butenyl)-ornithine","Ornithine","polyamine_metabolism","3 weeks","16 weeks",2.02942757062403,1.02107285180394,1.70817583790918e-18,1.78701472273576e-17
"N5-(1-Imino-3-butenyl)-ornithine","Ornithine","polyamine_metabolism","3 weeks","59 weeks",1.48080153990858,0.566378300602945,1.03343833887551e-05,3.12328031304599e-05
"N5-(1-Imino-3-butenyl)-ornithine","Ornithine","polyamine_metabolism","16 weeks","59 weeks",0.729664641075736,-0.454694551200991,2.9559440091663e-10,1.37048313152256e-09
"N6-Isopentenyladenosine","Adenosine","aging_related","3 weeks","16 weeks",0.274738576095365,-1.86386860116768,0.354855490274441,0.446855061827074
"N6-Isopentenyladenosine","Adenosine","aging_related","3 weeks","59 weeks",0.291739920337108,-1.77724528344789,0.366216297977777,0.456930426834658
"N6-Isopentenyladenosine","Adenosine","aging_related","16 weeks","59 weeks",1.06188189690494,0.0866233177197857,0.568943300277075,0.648404655064376
"N8-Acetylspermidine","Spermidine","polyamine_metabolism","3 weeks","16 weeks",0.473862921182536,-1.07745831747646,3.40131221785447e-33,2.31289230814104e-31
"N8-Acetylspermidine","Spermidine","polyamine_metabolism","3 weeks","59 weeks",0.594646165119426,-0.749896624236031,3.35063681642786e-22,5.0631845226021e-21
"N8-Acetylspermidine","Spermidine","polyamine_metabolism","16 weeks","59 weeks",1.25489068365061,0.327561693240427,2.08583105020529e-09,9.15074267186838e-09
"N-Acetylmethionine","Methionine","antioxidant_defense","3 weeks","16 weeks",0.742685362062388,-0.429176951056834,1.77608306196254e-07,6.30123381983231e-07
"N-Acetylmethionine","Methionine","antioxidant_defense","3 weeks","59 weeks",0.81531055753793,-0.29457839814698,0.000337987446572209,0.000835750776978554
"N-Acetylmethionine","Methionine","antioxidant_defense","16 weeks","59 weeks",1.09778729888235,0.134598552909854,0.15425683427009,0.217023408214472
"N-Formylmethionine","Methionine","antioxidant_defense","3 weeks","16 weeks",0.427658316090069,-1.22546950048779,2.93597788709944e-15,2.44465097538076e-14
"N-Formylmethionine","Methionine","antioxidant_defense","3 weeks","59 weeks",0.352784532730481,-1.50314078524532,4.77445558184882e-17,4.53018111021934e-16
"N-Formylmethionine","Methionine","antioxidant_defense","16 weeks","59 weeks",0.824921483945098,-0.277671284757529,0.0884630489186164,0.133677496143687
"Nicotinamide","NAM","aging_related","3 weeks","16 weeks",1.08719172161934,0.120606375912389,3.63819009688997e-06,1.14183196887008e-05
"Nicotinamide","NAM","aging_related","3 weeks","59 weeks",1.01548286190874,0.0221658917779298,0.391583907723626,0.482677445169908
"Nicotinamide","NAM","aging_related","16 weeks","59 weeks",0.93404212128861,-0.098440484134459,0.000281587972870067,0.000700535932506021
"Nicotinamide riboside cation","NAM","aging_related","3 weeks","16 weeks",1.33842881178112,0.420540407098542,1.11039369038916e-09,4.92435462694322e-09
"Nicotinamide riboside cation","NAM","aging_related","3 weeks","59 weeks",1.84371139530363,0.882612841694265,3.79098928294119e-08,1.41901250223854e-07
"Nicotinamide riboside cation","NAM","aging_related","16 weeks","59 weeks",1.37751920690508,0.462072434595723,0.000956382363199001,0.00222580181966122
"N-Oleoylethanolamine","Ethanolamine","lipid_signaling","3 weeks","16 weeks",1.0169798774403,0.0242911334684681,0.840367317598359,0.881413536195708
"N-Oleoylethanolamine","Ethanolamine","lipid_signaling","3 weeks","59 weeks",1.07093266880473,0.0988677784681183,0.479646035888044,0.572209305971702
"N-Oleoylethanolamine","Ethanolamine","lipid_signaling","16 weeks","59 weeks",1.05305197532544,0.0745766449996501,0.596761306095248,0.674455991376347
"Octanoylcarnitine","Carnitine","aging_related","3 weeks","16 weeks",1.69297360937372,0.759559484206728,0.120826630483382,0.177328292220216
"Octanoylcarnitine","Carnitine","aging_related","3 weeks","59 weeks",1.09895655235201,0.136134349940152,0.797308119274808,0.844939513413303
"Octanoylcarnitine","Carnitine","aging_related","16 weeks","59 weeks",0.649127987741376,-0.623425134266576,0.141028079201215,0.201186910189146
"Ornithine","Ornithine","polyamine_metabolism","3 weeks","16 weeks",0.542202267615289,-0.883096948014779,1.24160456723316e-15,1.10124926832854e-14
"Ornithine","Ornithine","polyamine_metabolism","3 weeks","59 weeks",0.536405420568515,-0.898604278622227,8.48098500867007e-16,7.68942640786087e-15
"Ornithine","Ornithine","polyamine_metabolism","16 weeks","59 weeks",0.989308700105093,-0.015507330607448,0.71008789758878,0.772575632576593
"Phosphocholine","Choline","lipid_signaling","3 weeks","16 weeks",0.871849933750529,-0.197848260877421,1.84265647853329e-06,5.96669716858399e-06
"Phosphocholine","Choline","lipid_signaling","3 weeks","59 weeks",0.811870897502063,-0.300677764449564,5.12225112772277e-12,2.82416008123093e-11
"Phosphocholine","Choline","lipid_signaling","16 weeks","59 weeks",0.93120486229729,-0.102829503572143,0.0156173051920941,0.0288319480469429
"Phosphocholine isomer","Choline","lipid_signaling","3 weeks","16 weeks",0.72187750343948,-0.470174050259585,0.000514744542446647,0.0012575794809475
"Phosphocholine isomer","Choline","lipid_signaling","3 weeks","59 weeks",0.616578651759957,-0.697643156031348,6.72573256230373e-07,2.24926138149174e-06
"Phosphocholine isomer","Choline","lipid_signaling","16 weeks","59 weeks",0.85413196674254,-0.227469105771763,0.106601172191648,0.159328888411274
"Propionylcarnitine","Carnitine","aging_related","3 weeks","16 weeks",1.1329121569983,0.180036002750677,0.135397754801879,0.195202416816843
"Propionylcarnitine","Carnitine","aging_related","3 weeks","59 weeks",0.872179540501796,-0.197302946663207,0.10700028290365,0.159328888411274
"Propionylcarnitine","Carnitine","aging_related","16 weeks","59 weeks",0.769856281543199,-0.377338949413884,0.00649591183975985,0.0132516601531101
"Putrescine","Putrescine","polyamine_metabolism","3 weeks","16 weeks",0.59070029178802,-0.759501770278989,3.68905509701914e-27,9.40709049739881e-26
"Putrescine","Putrescine","polyamine_metabolism","3 weeks","59 weeks",0.64348614963925,-0.636018998596492,6.30911865531957e-21,8.58040137123462e-20
"Putrescine","Putrescine","polyamine_metabolism","16 weeks","59 weeks",1.08936148937975,0.123482771682497,0.0404254153369878,0.065974277829964
"S-Adenosyl-homocysteine","Cysteine","antioxidant_defense","3 weeks","16 weeks",0.867453235855574,-0.205142110358157,0.000266648333233944,0.000671558765181786
"S-Adenosyl-homocysteine","Cysteine","antioxidant_defense","3 weeks","59 weeks",0.895126324331571,-0.159836798402876,0.00325753661654481,0.00703214253730308
"S-Adenosyl-homocysteine","Cysteine","antioxidant_defense","16 weeks","59 weeks",1.0319015335146,0.0453053119552808,0.400095268961729,0.488739130947262
"S-Adenosyl-methionine","Methionine","antioxidant_defense","3 weeks","16 weeks",1.01059671792405,0.0152073996911154,0.795123795704553,0.844819032936088
"S-Adenosyl-methionine","Methionine","antioxidant_defense","3 weeks","59 weeks",0.87469961857239,-0.193140430168167,0.00247630486845769,0.00546125614232831
"S-Adenosyl-methionine","Methionine","antioxidant_defense","16 weeks","59 weeks",0.865527863942784,-0.208347829859282,0.000960149804559743,0.00222580181966122
"sn-Glycero-3-phosphocholine","Choline","lipid_signaling","3 weeks","16 weeks",1.96175042739281,0.972141514510834,1.08544333100811e-32,6.32658398644726e-31
"sn-Glycero-3-phosphocholine","Choline","lipid_signaling","3 weeks","59 weeks",1.85425195521311,0.890837290263117,5.25481365738767e-26,1.12840209063904e-24
"sn-Glycero-3-phosphocholine","Choline","lipid_signaling","16 weeks","59 weeks",0.945202778763978,-0.0813042242477166,0.174719018875954,0.241645287123353
"Spermidine","Spermidine","polyamine_metabolism","3 weeks","16 weeks",0.984257797528297,-0.0228918580787684,0.612693121804299,0.690549153856779
"Spermidine","Spermidine","polyamine_metabolism","3 weeks","59 weeks",0.994162479699177,-0.0084464387737837,0.832531117315178,0.877707224456312
"Spermidine","Spermidine","polyamine_metabolism","16 weeks","59 weeks",1.01006309748904,0.0144454193049848,0.744303731323196,0.799147164157537
"Targinine","Arginine","polyamine_metabolism","3 weeks","16 weeks",0.816276467341211,-0.292870228831233,0.0495815856493564,0.0784080889338659
"Targinine","Arginine","polyamine_metabolism","3 weeks","59 weeks",1.07860541705784,0.109167184596987,0.447957410298953,0.537548892358744
"Targinine","Arginine","polyamine_metabolism","16 weeks","59 weeks",1.32137267238769,0.40203741342822,0.00331764879895217,0.00708691471189783
"Taurine","Taurine","antioxidant_defense","3 weeks","16 weeks",0.866387157873091,-0.206916236301829,0.0241072017892189,0.0423954238362126
"Taurine","Taurine","antioxidant_defense","3 weeks","59 weeks",0.830871916977844,-0.267301999339271,0.00394007969950399,0.00825791202552331
"Taurine","Taurine","antioxidant_defense","16 weeks","59 weeks",0.959007655443054,-0.0603857630374416,0.536938748239539,0.624133929577584
"Triethanolamine","Ethanolamine","lipid_signaling","3 weeks","16 weeks",0.840974215460226,-0.249866527222553,0.000376292521567323,0.000924863546984746
"Triethanolamine","Ethanolamine","lipid_signaling","3 weeks","59 weeks",1.00495159172478,0.00712600880656654,0.929151826225197,0.947734862749701
"Triethanolamine","Ethanolamine","lipid_signaling","16 weeks","59 weeks",1.19498502242998,0.25699253602912,0.000804901886834736,0.00190930215016612
"Triethyl citrate","Citrate","iron_metabolism","3 weeks","16 weeks",1.02954792223372,0.0420109844722116,0.905314754706061,0.930399042619831
"Triethyl citrate","Citrate","iron_metabolism","3 weeks","59 weeks",0.840336296155628,-0.250961295922367,0.491843427775392,0.581658314586551
"Triethyl citrate","Citrate","iron_metabolism","16 weeks","59 weeks",0.816218728636179,-0.292972280394579,0.483405942537286,0.573341931846549
"Uridine-5-diphosphoacetylgalactosamine","Uridine","aging_related","3 weeks","16 weeks",0.777903382004736,-0.362337115715256,1.57511301506156e-15,1.36733214924493e-14
"Uridine-5-diphosphoacetylgalactosamine","Uridine","aging_related","3 weeks","59 weeks",0.671588672334707,-0.574350198299681,5.11718698950162e-30,2.08781229171666e-28
"Uridine-5-diphosphoacetylgalactosamine","Uridine","aging_related","16 weeks","59 weeks",0.863331729711671,-0.212013082584425,2.21691002122596e-05,6.32516985077056e-05
"Xanthine","Xanthine","aging_related","3 weeks","16 weeks",0.903668768062051,-0.146134032692148,0.311343936715464,0.399460145219841
"Xanthine","Xanthine","aging_related","3 weeks","59 weeks",1.15641461912482,0.20965875225825,0.157131962069826,0.218804916465833
"Xanthine","Xanthine","aging_related","16 weeks","59 weeks",1.27968859829558,0.355792784950398,0.0119475856148682,0.0227785744433
"2-hydroxystearic acid","SA (18:0)","lipid_signaling","3 weeks","16 weeks",0.871193342927087,-0.198935164894494,0.54356529854087,0.626482038996257
"2-hydroxystearic acid","SA (18:0)","lipid_signaling","3 weeks","59 weeks",0.881692140488463,-0.181653095479621,0.580408531302688,0.658131037432853
"2-hydroxystearic acid","SA (18:0)","lipid_signaling","16 weeks","59 weeks",1.01205105347351,0.0172820694148729,0.946613788731086,0.960742352741998
"Hydroxypalmitic acid","PA (16:0)","lipid_signaling","3 weeks","16 weeks",1.0791319600573,0.109871293444769,0.00672248701883248,0.0135859752214945
"Hydroxypalmitic acid","PA (16:0)","lipid_signaling","3 weeks","59 weeks",1.05024346274221,0.0707238057732501,0.0837106421713982,0.126966327159593
"Hydroxypalmitic acid","PA (16:0)","lipid_signaling","16 weeks","59 weeks",0.973229875136351,-0.0391474876715184,0.122930773832339,0.179769733776324
"1,7-Dimethyluric acid","Uric acid","aging_related","3 weeks","16 weeks",0.641706134019473,-0.640015320986642,3.89162998836514e-07,1.33427313886805e-06
"1,7-Dimethyluric acid","Uric acid","aging_related","3 weeks","59 weeks",1.06425257644888,0.0898405827440236,0.506825983458782,0.597644512286656
"1,7-Dimethyluric acid","Uric acid","aging_related","16 weeks","59 weeks",1.65847343515744,0.729855903730666,1.00647360666309e-05,3.06448680237718e-05
"13,14-Dihydro-15-ketoprostaglandin E2","PGE2","lipid_signaling","3 weeks","16 weeks",0.701201667304239,-0.512098668372487,4.46268818686812e-05,0.000124710738372753
"13,14-Dihydro-15-ketoprostaglandin E2","PGE2","lipid_signaling","3 weeks","59 weeks",0.851775900597228,-0.231454182774073,0.0431743275524495,0.069858930708496
"13,14-Dihydro-15-ketoprostaglandin E2","PGE2","lipid_signaling","16 weeks","59 weeks",1.21473741480375,0.280644485598414,0.00313642580699971,0.00680671132582917
"2-Deoxyuridine","Uridine","aging_related","3 weeks","16 weeks",0.619380293893054,-0.691102611705303,2.0561492164966e-26,4.93475811959183e-25
"2-Deoxyuridine","Uridine","aging_related","3 weeks","59 weeks",0.534506496733363,-0.903720611398016,2.3798774519277e-38,4.85495000193252e-36
"2-Deoxyuridine","Uridine","aging_related","16 weeks","59 weeks",0.86296981354343,-0.212617999692713,0.000222955574821199,0.000572112418409115
"6-trans-12-epi-Leukotriene B4","LTB4","lipid_signaling","3 weeks","16 weeks",0.630305821115196,-0.665876108253542,0.0285481725417126,0.0485318933209115
"6-trans-12-epi-Leukotriene B4","LTB4","lipid_signaling","3 weeks","59 weeks",0.788271873084861,-0.34323479730734,0.230873685389752,0.310879417950558
"6-trans-12-epi-Leukotriene B4","LTB4","lipid_signaling","16 weeks","59 weeks",1.25061810739773,0.322641310946202,0.150723010306725,0.212785426315377
"Adenosine 5'-diphosphoribose","Adenosine","aging_related","3 weeks","16 weeks",3.16879266037043,1.663933264756,5.00785949508009e-21,7.04554025514716e-20
"Adenosine 5'-diphosphoribose","Adenosine","aging_related","3 weeks","59 weeks",1.67553230802057,0.744619505206467,9.8273408558306e-06,3.01470305953299e-05
"Adenosine 5'-diphosphoribose","Adenosine","aging_related","16 weeks","59 weeks",0.528760473657717,-0.919313759549534,3.55638748969748e-11,1.79136555036614e-10
"Adenosine-3-monophosphate","Adenosine","aging_related","3 weeks","16 weeks",1.11847436577072,0.161532191757549,0.106701749266742,0.159328888411274
"Adenosine-3-monophosphate","Adenosine","aging_related","3 weeks","59 weeks",0.798267751968432,-0.325055363919986,0.00394679618866923,0.00825791202552331
"Adenosine-3-monophosphate","Adenosine","aging_related","16 weeks","59 weeks",0.713711262768516,-0.486587555677535,2.02782061741846e-05,5.82641416835728e-05
"Arginine","Arginine","polyamine_metabolism","3 weeks","16 weeks",0.868503609629322,-0.203396249885488,0.0170253485645389,0.0311495166561968
"Arginine","Arginine","polyamine_metabolism","3 weeks","59 weeks",0.992785512810183,-0.0104460317452411,0.897151151037518,0.924337549553806
"Arginine","Arginine","polyamine_metabolism","16 weeks","59 weeks",1.14309889078516,0.192950218140247,0.00975062403140148,0.0189440695467229
"beta-Nicotinamide adenine dinucleotide","NAM","aging_related","3 weeks","16 weeks",1.87281426234891,0.905207826396016,1.80821505285685e-07,6.35992880659997e-07
"beta-Nicotinamide adenine dinucleotide","NAM","aging_related","3 weeks","59 weeks",1.823968224245,0.867080596211275,0.000248291627620162,0.000633143650431412
"beta-Nicotinamide adenine dinucleotide","NAM","aging_related","16 weeks","59 weeks",0.973918375630777,-0.0381272301847416,0.848311266645525,0.885194365195331
"Carnosine isomer A","Carnosine","antioxidant_defense","3 weeks","16 weeks",1.19606274443754,0.25829307407992,0.477358248335433,0.571150044929198
"Carnosine isomer A","Carnosine","antioxidant_defense","3 weeks","59 weeks",1.3490016917121,0.431892157495315,0.237637442554776,0.317888775614258
"Carnosine isomer A","Carnosine","antioxidant_defense","16 weeks","59 weeks",1.12786866574168,0.173599083415395,0.619997860079449,0.696857098932273
"cis-4,7,10,13,16,19-Docosahexaenoic acid","DHA (22:6)","lipid_signaling","3 weeks","16 weeks",0.704639932934513,-0.505041858183765,1.06167683266822e-11,5.55338650934148e-11
"cis-4,7,10,13,16,19-Docosahexaenoic acid","DHA (22:6)","lipid_signaling","3 weeks","59 weeks",0.659093790885709,-0.601444315515,1.8309202158399e-15,1.55628218346392e-14
"cis-4,7,10,13,16,19-Docosahexaenoic acid","DHA (22:6)","lipid_signaling","16 weeks","59 weeks",0.935362530677016,-0.0964024573312351,0.155697344992729,0.218297308443414
"Dehydro-(+)-ascorbic acid dimer","Vitamin C","antioxidant_defense","3 weeks","16 weeks",1.0140990775162,0.0201986105843566,0.726586342346425,0.786332168905415
"Dehydro-(+)-ascorbic acid dimer","Vitamin C","antioxidant_defense","3 weeks","59 weeks",0.967733402576739,-0.0473184355633362,0.414817686988713,0.500726675418328
"Dehydro-(+)-ascorbic acid dimer","Vitamin C","antioxidant_defense","16 weeks","59 weeks",0.954278949692937,-0.0675170461476927,0.228973813273576,0.309342105349732
"Hypotaurine","Taurine","antioxidant_defense","3 weeks","16 weeks",0.27757596801433,-1.84904542728593,2.37077445388518e-27,6.90911412275109e-26
"Hypotaurine","Taurine","antioxidant_defense","3 weeks","59 weeks",0.162640071960274,-2.62024533626997,1.20635470699295e-33,9.84385440906248e-32
"Hypotaurine","Taurine","antioxidant_defense","16 weeks","59 weeks",0.585929946038692,-0.771199908984043,1.41704080764303e-07,5.07151446945926e-07
"Hypoxanthine","Hypoxanthine","aging_related","3 weeks","16 weeks",0.690270493548083,-0.534766279040637,3.05811564710693e-12,1.70919340276661e-11
"Hypoxanthine","Hypoxanthine","aging_related","3 weeks","59 weeks",0.809289585860596,-0.305272064260771,3.38069982489837e-05,9.51258985212783e-05
"Hypoxanthine","Hypoxanthine","aging_related","16 weeks","59 weeks",1.17242384460147,0.229494214779865,0.00153550967061477,0.00343882027875376
"Inosine","Inosine","aging_related","3 weeks","16 weeks",0.878775022386182,-0.186434230578722,8.75397245049344e-05,0.000234975049986929
"Inosine","Inosine","aging_related","3 weeks","59 weeks",0.942624519933454,-0.0852448850741968,0.0475618695120142,0.0755783832220547
"Inosine","Inosine","aging_related","16 weeks","59 weeks",1.07265738775085,0.101189345504525,0.0458960172774913,0.0734336276439861
"Methioninesulfoxide","Methionine","antioxidant_defense","3 weeks","16 weeks",0.611864889126089,-0.708714980053638,3.29293927849304e-11,1.67939903203145e-10
"Methioninesulfoxide","Methionine","antioxidant_defense","3 weeks","59 weeks",0.578300337508163,-0.790109150778739,5.06951224074172e-13,3.09075520940163e-12
"Methioninesulfoxide","Methionine","antioxidant_defense","16 weeks","59 weeks",0.945143850849383,-0.0813941707251004,0.26707307946465,0.350372400069381
"N-Acetyl-carnosine","Carnosine","antioxidant_defense","3 weeks","16 weeks",0.818081139632657,-0.289684153993809,0.050231795389503,0.079129623625163
"N-Acetyl-carnosine","Carnosine","antioxidant_defense","3 weeks","59 weeks",0.95299105714241,-0.0694654189230076,0.636993728755824,0.712036825568154
"N-Acetyl-carnosine","Carnosine","antioxidant_defense","16 weeks","59 weeks",1.16491019163494,0.220218735070801,0.130837540931244,0.189296867730311
"N-Acetylcysteine","Cysteine","antioxidant_defense","3 weeks","16 weeks",1.6017736643868,0.679670304840416,1.9346144177393e-13,1.33783505497904e-12
"N-Acetylcysteine","Cysteine","antioxidant_defense","3 weeks","59 weeks",1.54517668949726,0.627771818379887,5.31834354307574e-12,2.8931788874332e-11
"N-Acetylcysteine","Cysteine","antioxidant_defense","16 weeks","59 weeks",0.964666059788665,-0.0518984864605291,0.54252121114052,0.626482038996257
"Oleic acid","OA (18:1)","lipid_signaling","3 weeks","16 weeks",0.859318398004899,-0.21873531147254,0.510372417313311,0.600092064160896
"Oleic acid","OA (18:1)","lipid_signaling","3 weeks","59 weeks",0.86727378916396,-0.205440585967616,0.543209110581317,0.626482038996257
"Oleic acid","OA (18:1)","lipid_signaling","16 weeks","59 weeks",1.00925779219615,0.013294725504924,0.962981873310231,0.972516347303402
"FA 16:0 (Palmitic acid)","PA (16:0)","lipid_signaling","3 weeks","16 weeks",1.07751115799792,0.107702808994114,0.740776447358546,0.797458550190731
"FA 16:0 (Palmitic acid)","PA (16:0)","lipid_signaling","3 weeks","59 weeks",0.997459132101631,-0.00367036244675919,0.990774389100383,0.993208724208738
"FA 16:0 (Palmitic acid)","PA (16:0)","lipid_signaling","16 weeks","59 weeks",0.925706545772545,-0.111373171440873,0.699831169910122,0.765498974057185
"Pseudouridine","Uridine","aging_related","3 weeks","16 weeks",0.770786072671957,-0.375597591064611,2.84590932976909e-17,2.76459763463283e-16
"Pseudouridine","Uridine","aging_related","3 weeks","59 weeks",0.704122768677793,-0.50610110022809,7.71682471803132e-26,1.57423224247839e-24
"Pseudouridine","Uridine","aging_related","16 weeks","59 weeks",0.913512573257748,-0.130503509163479,0.00294142507364113,0.00645215822605151
"Ricinoleic acid","OA (18:1)","lipid_signaling","3 weeks","16 weeks",0.956336162558399,-0.0644102645390122,0.853772957578151,0.888620833397667
"Ricinoleic acid","OA (18:1)","lipid_signaling","3 weeks","59 weeks",1.2334230917911,0.30266776140153,0.360961898698463,0.451755995917095
"Ricinoleic acid","OA (18:1)","lipid_signaling","16 weeks","59 weeks",1.28973800226422,0.367078025940542,0.110949900313154,0.164012896115097
"S-(2,3,4-Trihydroxybutyl)mercapturic acid","Uric acid","aging_related","3 weeks","16 weeks",0.339474122038615,-1.55862649222737,0.0174051798840711,0.0317022919317009
"S-(2,3,4-Trihydroxybutyl)mercapturic acid","Uric acid","aging_related","3 weeks","59 weeks",0.279010327512453,-1.84160957077108,0.00972412772565567,0.0189440695467229
"S-(2,3,4-Trihydroxybutyl)mercapturic acid","Uric acid","aging_related","16 weeks","59 weeks",0.821889827233182,-0.282983078543711,0.564853472219594,0.645546825393822
"S-Sulfocysteine","Cysteine","antioxidant_defense","3 weeks","16 weeks",1.2462322216086,0.317572923696645,0.271164565496535,0.353466909656825
"S-Sulfocysteine","Cysteine","antioxidant_defense","3 weeks","59 weeks",1.80082999175611,0.848661989335567,6.68906509837596e-05,0.000183163661754187
"S-Sulfocysteine","Cysteine","antioxidant_defense","16 weeks","59 weeks",1.44501960431712,0.531089065638922,0.0263268151016771,0.0455141549215435
"Uracil","Uracil","aging_related","3 weeks","16 weeks",0.786029858885796,-0.347343977761919,1.4060503467076e-05,4.09763243897642e-05
"Uracil","Uracil","aging_related","3 weeks","59 weeks",0.904642977024261,-0.144579558936871,0.0822072565428598,0.125151345781667
"Uracil","Uracil","aging_related","16 weeks","59 weeks",1.15090154247652,0.202764418825048,0.0175730899616834,0.0318658697971859
"Uridine 5'-monophosphate","Uridine","aging_related","3 weeks","16 weeks",0.844722375890634,-0.243450827737081,0.0139634755730629,0.0260141462731034
"Uridine 5'-monophosphate","Uridine","aging_related","3 weeks","59 weeks",0.587950591155041,-0.766233172632912,1.06043002207562e-11,5.55338650934148e-11
"Uridine 5'-monophosphate","Uridine","aging_related","16 weeks","59 weeks",0.696028195695816,-0.52278234489583,1.42004371350037e-05,4.10906266034149e-05
"Uridine","Uridine","aging_related","3 weeks","16 weeks",0.820821251613303,-0.284860011115616,2.95739650956793e-08,1.13831865651294e-07
"Uridine","Uridine","aging_related","3 weeks","59 weeks",0.81193027614704,-0.300572252422509,1.60643007751517e-08,6.36333467598242e-08
"Uridine","Uridine","aging_related","16 weeks","59 weeks",0.989168195330241,-0.0157122413068933,0.764049919679501,0.818195189578048
"Uridine diphosphate glucose","Uridine","aging_related","3 weeks","16 weeks",0.917987108700652,-0.123454200882512,0.028929455133038,0.0489760070302055
"Uridine diphosphate glucose","Uridine","aging_related","3 weeks","59 weeks",0.734288270086133,-0.445581541113313,2.00333971409691e-12,1.13522583798825e-11
"Uridine diphosphate glucose","Uridine","aging_related","16 weeks","59 weeks",0.799889522550559,-0.3221273402308,5.51078891003321e-07,1.8581833680112e-06
"Uridine-5-diphosphoacetylglucosamine","Uridine","aging_related","3 weeks","16 weeks",0.732187262316385,-0.449715419241121,1.88707232074762e-12,1.08440212234511e-11
"Uridine-5-diphosphoacetylglucosamine","Uridine","aging_related","3 weeks","59 weeks",0.578242027424639,-0.790254625204847,1.27246904074902e-28,4.32639473854667e-27
"Uridine-5-diphosphoacetylglucosamine","Uridine","aging_related","16 weeks","59 weeks",0.789746089812166,-0.340539205963726,1.2888302400074e-06,4.20973869627152e-06
"Ceramide d40:1; A","Ceramide","lipid_signaling","3 weeks","16 weeks",0.504513309527289,-0.987035765425429,1.58261286113823e-13,1.11328628852482e-12
"Ceramide d40:1; A","Ceramide","lipid_signaling","3 weeks","59 weeks",0.526650378130992,-0.925082562103027,1.13883172436476e-12,6.73396150059163e-12
"Ceramide d40:1; A","Ceramide","lipid_signaling","16 weeks","59 weeks",1.04387806661522,0.061953203322402,0.24945768801803,0.331526829678684
"Ceramide d41:1;","Ceramide","lipid_signaling","3 weeks","16 weeks",0.918298171512216,-0.122965421949547,0.350729679270037,0.443026963288467
"Ceramide d41:1;","Ceramide","lipid_signaling","3 weeks","59 weeks",0.869329522401056,-0.202024955567598,0.12034690167206,0.177261862390616
"Ceramide d41:1;","Ceramide","lipid_signaling","16 weeks","59 weeks",0.946674565375078,-0.07905953361805,0.332010977768781,0.423313996655196
"Ceramide d42:1; A","Ceramide","lipid_signaling","3 weeks","16 weeks",0.296989891574339,-1.75151426697159,2.40551905341373e-13,1.63575295632133e-12
"Ceramide d42:1; A","Ceramide","lipid_signaling","3 weeks","59 weeks",0.246724496728318,-2.01902713014546,5.16753238533545e-15,4.13402590826836e-14
"Ceramide d42:1; A","Ceramide","lipid_signaling","16 weeks","59 weeks",0.830750485885009,-0.267512863173862,0.00676298616760543,0.013592602740803
"Sphinganine 18:0;","Sphinganine","lipid_signaling","3 weeks","16 weeks",0.749377781454174,-0.416234891521207,9.7186065345818e-10,4.35735325946085e-09
"Sphinganine 18:0;","Sphinganine","lipid_signaling","3 weeks","59 weeks",0.665544035320449,-0.587393970543295,2.738132137092e-16,2.5389952543944e-15
"Sphinganine 18:0;","Sphinganine","lipid_signaling","16 weeks","59 weeks",0.888128860758261,-0.171159079022089,0.000657610526425804,0.00158760411113449
"Sphinganine 20:0;","Sphinganine","lipid_signaling","3 weeks","16 weeks",0.902647044030716,-0.147766124201839,0.190623645856845,0.262751511856733
"Sphinganine 20:0;","Sphinganine","lipid_signaling","3 weeks","59 weeks",0.799247427149198,-0.323285900041801,0.00422518249423527,0.00879527784514281
"Sphinganine 20:0;","Sphinganine","lipid_signaling","16 weeks","59 weeks",0.885448451235387,-0.175519775839962,0.109331078627238,0.162207563926957
"Sphinganine 24:0;","Sphinganine","lipid_signaling","3 weeks","16 weeks",1.22974190787104,0.29835556165792,0.528449364184881,0.616020973106947
"Sphinganine 24:0;","Sphinganine","lipid_signaling","3 weeks","59 weeks",1.05135673144386,0.0722522671711201,0.892154453756341,0.921516499069841
"Sphinganine 24:0;","Sphinganine","lipid_signaling","16 weeks","59 weeks",0.854940963396132,-0.2261032944868,0.699516375398589,0.765498974057185
"Sphinganine 25:0;","Sphinganine","lipid_signaling","3 weeks","16 weeks",1.27811002491854,0.35401203469804,0.560383360523946,0.644046228433155
"Sphinganine 25:0;","Sphinganine","lipid_signaling","3 weeks","59 weeks",1.21004408663983,0.275059611481669,0.673082136773133,0.74827659891945
"Sphinganine 25:0;","Sphinganine","lipid_signaling","16 weeks","59 weeks",0.946744852202343,-0.0789524232163713,0.915066474567009,0.938058094531004
"Sphingosine 18:1;","Sphingosine","lipid_signaling","3 weeks","16 weeks",1.10930547682572,0.14965670473803,0.00849556993949145,0.0167448914749397
"Sphingosine 18:1;","Sphingosine","lipid_signaling","3 weeks","59 weeks",1.16100310538696,0.215371831049628,7.85430128086222e-05,0.000212222180304092
"Sphingosine 18:1;","Sphingosine","lipid_signaling","16 weeks","59 weeks",1.04660359985707,0.0657151263115981,0.219805259605092,0.298935153062925
"Sphingosine 20:1;","Sphingosine","lipid_signaling","3 weeks","16 weeks",0.90721651324087,-0.140481194296493,0.171984831894299,0.238672827934945
"Sphingosine 20:1;","Sphingosine","lipid_signaling","3 weeks","59 weeks",0.857465972053634,-0.221848674824712,0.0360576714962578,0.05937677190567
"Sphingosine 20:1;","Sphingosine","lipid_signaling","16 weeks","59 weeks",0.945161336394207,-0.0813674805282192,0.41606184496743,0.500746999252836
"Ceramide d32:1;","Ceramide","lipid_signaling","3 weeks","16 weeks",0.352555771952866,-1.50407659466609,9.65944641450988e-20,1.19425882943031e-18
"Ceramide d32:1;","Ceramide","lipid_signaling","3 weeks","59 weeks",0.385866581866609,-1.37382599079305,6.79285577901961e-18,6.75971989717073e-17
"Ceramide d32:1;","Ceramide","lipid_signaling","16 weeks","59 weeks",1.09448380246118,0.130250603873042,0.412137607141658,0.49896778550088
"Ceramide d33:1;","Ceramide","lipid_signaling","3 weeks","16 weeks",0.780080913866549,-0.358304319656472,0.000704110349416118,0.00167998258808056
"Ceramide d33:1;","Ceramide","lipid_signaling","3 weeks","59 weeks",0.630151504216594,-0.666229364521685,2.26891865869448e-09,9.8480724760356e-09
"Ceramide d33:1;","Ceramide","lipid_signaling","16 weeks","59 weeks",0.807802745862843,-0.307925044865213,0.0270244714384145,0.046523140704106
"Ceramide d34:0;","Ceramide","lipid_signaling","3 weeks","16 weeks",1.00894481580066,0.0128472684502854,0.953613268415541,0.965444698544766
"Ceramide d34:0;","Ceramide","lipid_signaling","3 weeks","59 weeks",1.19665627699753,0.259008817542311,0.283112742751638,0.365537971654013
"Ceramide d34:0;","Ceramide","lipid_signaling","16 weeks","59 weeks",1.18604730234717,0.246161549092026,0.379990386976942,0.469806296626037
"Ceramide d34:1;","Ceramide","lipid_signaling","3 weeks","16 weeks",0.698360053157713,-0.51795705705333,7.05427786352882e-06,2.19705753306852e-05
"Ceramide d34:1;","Ceramide","lipid_signaling","3 weeks","59 weeks",0.768282949091007,-0.380290359368032,0.000634923613712203,0.00154195734758678
"Ceramide d34:1;","Ceramide","lipid_signaling","16 weeks","59 weeks",1.10012442094465,0.137666697685298,0.156919481911773,0.218804916465833
"Ceramide d34:2;","Ceramide","lipid_signaling","3 weeks","16 weeks",0.544940882393617,-0.875828366472362,1.88844375744692e-07,6.58534233366104e-07
"Ceramide d34:2;","Ceramide","lipid_signaling","3 weeks","59 weeks",0.614805963181106,-0.701796936673759,1.2755942936206e-05,3.79885015910369e-05
"Ceramide d34:2;","Ceramide","lipid_signaling","16 weeks","59 weeks",1.12820671570944,0.174031429798603,0.268565249695861,0.351200711140741
"Ceramide d36:1;","Ceramide","lipid_signaling","3 weeks","16 weeks",0.892613740480167,-0.163892079951169,0.0415872817743466,0.0676000436810097
"Ceramide d36:1;","Ceramide","lipid_signaling","3 weeks","59 weeks",0.870560894569153,-0.19998287889463,0.012050607476929,0.022868129537614
"Ceramide d36:1;","Ceramide","lipid_signaling","16 weeks","59 weeks",0.975294077481767,-0.0360907989434613,0.677074253783216,0.750669281368348
"Ceramide d38:1;","Ceramide","lipid_signaling","3 weeks","16 weeks",0.891816846735981,-0.165180641958026,0.0100576051073628,0.0194478809658959
"Ceramide d38:1;","Ceramide","lipid_signaling","3 weeks","59 weeks",0.814299206882636,-0.296369097729386,3.24253334592488e-06,1.02554543033903e-05
"Ceramide d38:1;","Ceramide","lipid_signaling","16 weeks","59 weeks",0.913078968919395,-0.13118845577136,0.0291762792321058,0.0491897600276825
"Ceramide d40:0;","Ceramide","lipid_signaling","3 weeks","16 weeks",0.464961327798231,-1.10481736686852,5.5522017399769e-08,2.02258777670587e-07
"Ceramide d40:0;","Ceramide","lipid_signaling","3 weeks","59 weeks",0.43338468416943,-1.20627992545034,6.20026662845227e-09,2.58133549429442e-08
"Ceramide d40:0;","Ceramide","lipid_signaling","16 weeks","59 weeks",0.93208759150287,-0.101462558581822,0.2558713433734,0.337849540764877
"Ceramide d40:1; B","Ceramide","lipid_signaling","3 weeks","16 weeks",0.114858008811294,-3.12207663852415,4.58178620333043e-13,2.92088870462315e-12
"Ceramide d40:1; B","Ceramide","lipid_signaling","3 weeks","59 weeks",0.0463958422156864,-4.42986066639553,5.95938584862331e-15,4.67582581968906e-14
"Ceramide d40:1; B","Ceramide","lipid_signaling","16 weeks","59 weeks",0.403940854415406,-1.30778402787138,0.00617183986136591,0.0126538224293331
"Ceramide d40:2;","Ceramide","lipid_signaling","3 weeks","16 weeks",0.498807950403539,-1.00344363469903,3.42926268510466e-10,1.57206648935135e-09
"Ceramide d40:2;","Ceramide","lipid_signaling","3 weeks","59 weeks",0.425188325275465,-1.23382611066751,4.98115513163731e-13,3.09075520940163e-12
"Ceramide d40:2;","Ceramide","lipid_signaling","16 weeks","59 weeks",0.852408877868697,-0.230382475968477,0.0335393639280559,0.0558533080924359
"Ceramide d42:1; B","Ceramide","lipid_signaling","3 weeks","16 weeks",0.155860248403024,-2.68167507412932,9.33944394365893e-12,5.01380674870111e-11
"Ceramide d42:1; B","Ceramide","lipid_signaling","3 weeks","59 weeks",0.112439132665342,-3.15278386469606,9.18251685587772e-13,5.50951011352663e-12
"Ceramide d42:1; B","Ceramide","lipid_signaling","16 weeks","59 weeks",0.721409941389268,-0.47110879056674,0.00386543365913006,0.00817148669909359
"Ceramide d42:2;","Ceramide","lipid_signaling","3 weeks","16 weeks",0.484026277624698,-1.04684272183017,2.41862489316223e-11,1.24911260305087e-10
"Ceramide d42:2;","Ceramide","lipid_signaling","3 weeks","59 weeks",0.498196093753098,-1.00521438512139,3.75745703094538e-11,1.86956398612892e-10
"Ceramide d42:2;","Ceramide","lipid_signaling","16 weeks","59 weeks",1.02927489019385,0.0416283367087788,0.647678591606032,0.722002364413282
"FA 12:0; (lauric acid)","Uric acid","aging_related","3 weeks","16 weeks",1.32664547163441,0.407782881144112,2.70686411769411e-09,1.15041725002e-08
"FA 12:0; (lauric acid)","Uric acid","aging_related","3 weeks","59 weeks",1.41489016860885,0.500690067648546,2.5870046035044e-13,1.73032439054065e-12
"FA 12:0; (lauric acid)","Uric acid","aging_related","16 weeks","59 weeks",1.06651716593561,0.0929071865044342,0.00515199445835341,0.0106701205025796
"FA 16:1; (palmitoleic acid)","OA (18:1)","lipid_signaling","3 weeks","16 weeks",0.86419974657033,-0.210563287035139,0.00672638969299484,0.0135859752214945
"FA 16:1; (palmitoleic acid)","OA (18:1)","lipid_signaling","3 weeks","59 weeks",0.911015175883533,-0.134453007940658,0.0433193859540428,0.069858930708496
"FA 16:1; (palmitoleic acid)","OA (18:1)","lipid_signaling","16 weeks","59 weeks",1.05417200074288,0.0761102790944812,0.278475500194045,0.360692076441811
"FA 18:0; (stearic acid)","SA (18:0)","lipid_signaling","3 weeks","16 weeks",1.08393343687934,0.116276165148816,0.00137055059293835,0.00308941791115384
"FA 18:0; (stearic acid)","SA (18:0)","lipid_signaling","3 weeks","59 weeks",1.11612260414762,0.158495513439871,1.28974837508319e-06,4.20973869627152e-06
"FA 18:0; (stearic acid)","SA (18:0)","lipid_signaling","16 weeks","59 weeks",1.02969662727719,0.0422193482910554,0.210456718859738,0.287178398979174
"FA 18:2; (linoleic acid)","LA (18:2)","lipid_signaling","3 weeks","16 weeks",0.830040564157707,-0.268746252067369,0.0225504673965194,0.0398293969600862
"FA 18:2; (linoleic acid)","LA (18:2)","lipid_signaling","3 weeks","59 weeks",0.693229810437322,-0.528594399931445,2.23530937384072e-06,7.12504862911729e-06
"FA 18:2; (linoleic acid)","LA (18:2)","lipid_signaling","16 weeks","59 weeks",0.835175821968153,-0.259848147864076,0.0215454962602538,0.0383867356951247
"FA 20:4; (arachidonic acid)","AA (20:4)","lipid_signaling","3 weeks","16 weeks",1.10233668584272,0.140564932447402,0.00697118014851535,0.0138069975757003
"FA 20:4; (arachidonic acid)","AA (20:4)","lipid_signaling","3 weeks","59 weeks",1.07143769851319,0.0995479632583028,0.0313379301931061,0.0524011291753578
"FA 20:4; (arachidonic acid)","AA (20:4)","lipid_signaling","16 weeks","59 weeks",0.971969555466706,-0.0410169691890994,0.409340646458511,0.497056499271049
"FA 20:5; (eicosapentaenoic acid)","EPA (20:5)","lipid_signaling","3 weeks","16 weeks",1.07961429137247,0.110515979690393,0.227268250311757,0.308057960555472
"FA 20:5; (eicosapentaenoic acid)","EPA (20:5)","lipid_signaling","3 weeks","59 weeks",1.02058179276491,0.0293918093061151,0.738446711336678,0.797053593188795
"FA 20:5; (eicosapentaenoic acid)","EPA (20:5)","lipid_signaling","16 weeks","59 weeks",0.94532075105035,-0.081124170384278,0.372561904291946,0.463430661436323
"FA 22:6; (docosahexaenoic acid)","DHA (22:6)","lipid_signaling","3 weeks","16 weeks",0.903724530318516,-0.146045011745828,0.0360917633152111,0.05937677190567
"FA 22:6; (docosahexaenoic acid)","DHA (22:6)","lipid_signaling","3 weeks","59 weeks",0.88870245248874,-0.170227625408418,0.00683159571863617,0.0136631914372723
"FA 22:6; (docosahexaenoic acid)","DHA (22:6)","lipid_signaling","16 weeks","59 weeks",0.98337759203628,-0.0241826136625899,0.698216438031499,0.765498974057185
"Spermine","Spermine","polyamine_metabolism","3 weeks","16 weeks",1.02368298096017,0.0337690038063531,0.8469963561158,0.885194365195331
"Spermine","Spermine","polyamine_metabolism","3 weeks","59 weeks",1.16116691975237,0.215575377017776,0.250338059381974,0.331616650090407
"Spermine","Spermine","polyamine_metabolism","16 weeks","59 weeks",1.13430323776922,0.181806373211423,0.348308216523635,0.441334634601376
"Phosphoenolpyruvate","Pyruvate","iron_metabolism","3 weeks","16 weeks",1.099336480375,0.13663302802534,0.197977615775937,0.271969249954822
"Phosphoenolpyruvate","Pyruvate","iron_metabolism","3 weeks","59 weeks",0.9382453592139,-0.0919628456724206,0.394353069573153,0.48462666381279
"Phosphoenolpyruvate","Pyruvate","iron_metabolism","16 weeks","59 weeks",0.853465136437432,-0.22859587369776,0.0281214075395987,0.0480064195655075
"Inosine-5'-monophosphate","Inosine","aging_related","3 weeks","16 weeks",0.564596126354288,-0.824708864273028,2.98668711165397e-08,1.13884891734095e-07
"Inosine-5'-monophosphate","Inosine","aging_related","3 weeks","59 weeks",0.400906801738714,-1.31866120059282,5.3166215139649e-14,4.09279542961826e-13
"Inosine-5'-monophosphate","Inosine","aging_related","16 weeks","59 weeks",0.710077138374028,-0.493952336319789,0.00154241203679396,0.00343882027875376
"Guanidinosuccinate","Succinate","iron_metabolism","3 weeks","16 weeks",0.990478154324989,-0.0138029390502999,0.969969927356504,0.977154889781367
"Guanidinosuccinate","Succinate","iron_metabolism","3 weeks","59 weeks",0.67077745790189,-0.576093888274316,0.14100001539661,0.201186910189146
"Guanidinosuccinate","Succinate","iron_metabolism","16 weeks","59 weeks",0.677225898393514,-0.562290949224016,0.123836486585686,0.180447451882
"Glutathione","GSH (reduced)","antioxidant_defense","3 weeks","16 weeks",1.03313175868644,0.0470242575735073,0.703901864257562,0.767892942826431
"Glutathione","GSH (reduced)","antioxidant_defense","3 weeks","59 weeks",0.764642834016471,-0.387142075080685,0.00105003066242039,0.00238006950148621
"Glutathione","GSH (reduced)","antioxidant_defense","16 weeks","59 weeks",0.740121313266627,-0.434166332654192,0.0010488057333656,0.00238006950148621
"Ethanolamine","Ethanolamine","lipid_signaling","3 weeks","16 weeks",0.73408480490735,-0.44598135531762,7.10640163307341e-09,2.92869885484237e-08
"Ethanolamine","Ethanolamine","lipid_signaling","3 weeks","59 weeks",0.749221333035555,-0.416536115986555,3.10655101858287e-08,1.17358594035353e-07
"Ethanolamine","Ethanolamine","lipid_signaling","16 weeks","59 weeks",1.02061959058002,0.0294452393310657,0.693843126313089,0.765102690637136
"Dehydroascorbic acid","Vitamin C","antioxidant_defense","3 weeks","16 weeks",0.962112370809481,-0.0557226901416094,0.483398147596719,0.573341931846549
"Dehydroascorbic acid","Vitamin C","antioxidant_defense","3 weeks","59 weeks",0.808079705973206,-0.307430492824989,0.000257593938985832,0.0006527846404113
"Dehydroascorbic acid","Vitamin C","antioxidant_defense","16 weeks","59 weeks",0.839901585813018,-0.25170780268338,0.00302718385732653,0.00660476477962153
"Cysteine","Cysteine","antioxidant_defense","3 weeks","16 weeks",1.31654902939502,0.396761249563186,0.0106616204175278,0.0204222588279406
"Cysteine","Cysteine","antioxidant_defense","3 weeks","59 weeks",1.0452304260679,0.0638210264203791,0.636885147199916,0.712036825568154
"Cysteine","Cysteine","antioxidant_defense","16 weeks","59 weeks",0.793916825526964,-0.332940223142807,0.0247204459763954,0.0429189019505078
"Ascorbic acid (Vitamin C)","Vitamin C","antioxidant_defense","3 weeks","16 weeks",1.9516534697791,0.96469691467726,1.72175948166781e-10,8.1683473083775e-10
"Ascorbic acid (Vitamin C)","Vitamin C","antioxidant_defense","3 weeks","59 weeks",1.48327700398308,0.568788048200126,0.000105601957897507,0.000281605221060018
"Ascorbic acid (Vitamin C)","Vitamin C","antioxidant_defense","16 weeks","59 weeks",0.76001043574143,-0.395908866477134,0.000897091020151566,0.00210352377138988
"Adenosine-5-monophosphate","Adenosine","aging_related","3 weeks","16 weeks",1.35074602064641,0.433756431732403,0.00867805023675697,0.0170223293105617
"Adenosine-5-monophosphate","Adenosine","aging_related","3 weeks","59 weeks",0.795920224300111,-0.329304259312284,0.0742491347146187,0.114315648919111
"Adenosine-5-monophosphate","Adenosine","aging_related","16 weeks","59 weeks",0.589244915131578,-0.763060691044687,1.17533430407762e-05,3.52600291223285e-05
"5'-Deoxy-5'-methylthioadenosine","Adenosine","aging_related","3 weeks","16 weeks",0.709625921891759,-0.494869384146864,0.0373889594337889,0.0612638371445216
"5'-Deoxy-5'-methylthioadenosine","Adenosine","aging_related","3 weeks","59 weeks",0.522137874265189,-0.937497283773304,1.35018785121643e-05,3.99185973403117e-05
"5'-Deoxy-5'-methylthioadenosine","Adenosine","aging_related","16 weeks","59 weeks",0.735793124458088,-0.44262789962644,0.0756526662306784,0.116038676022995
